Timestamp,UTC,Callsign,Position,Altitude,Speed,Direction
1774277841,2026-03-23T14:57:21Z,FGSRR,"43.583649,1.502037",0,1,222
1774277942,2026-03-23T14:59:02Z,FGSRR,"43.583519,1.501612",0,0,253
1774277950,2026-03-23T14:59:10Z,FGSRR,"43.583553,1.50131",0,6,264
1774277959,2026-03-23T14:59:19Z,FGSRR,"43.583805,1.501119",0,14,334
1774277964,2026-03-23T14:59:24Z,FGSRR,"43.584358,1.500762",0,33,334
1774277966,2026-03-23T14:59:26Z,FGSRR,"43.584641,1.500576",0,39,334
1774277967,2026-03-23T14:59:27Z,FGSRR,"43.584892,1.500419",0,44,334
1774277970,2026-03-23T14:59:30Z,FGSRR,"43.58543,1.500081",0,52,334
1774277974,2026-03-23T14:59:34Z,FGSRR,"43.586334,1.499506",300,57,334
1774277982,2026-03-23T14:59:42Z,FGSRR,"43.588577,1.498101",400,65,335
1774277993,2026-03-23T14:59:53Z,FGSRR,"43.591415,1.496312",600,63,335
1774277999,2026-03-23T14:59:59Z,FGSRR,"43.593239,1.495122",700,58,334
1774278006,2026-03-23T15:00:06Z,FGSRR,"43.594913,1.49401",800,61,335
1774278010,2026-03-23T15:00:10Z,FGSRR,"43.596031,1.493356",800,69,332
1774278012,2026-03-23T15:00:12Z,FGSRR,"43.596821,1.492702",800,71,329
1774278014,2026-03-23T15:00:14Z,FGSRR,"43.597286,1.492375",800,73,328
1774278017,2026-03-23T15:00:17Z,FGSRR,"43.597916,1.491841",900,71,328
1774278019,2026-03-23T15:00:19Z,FGSRR,"43.598545,1.491329",900,68,328
1774278021,2026-03-23T15:00:21Z,FGSRR,"43.599197,1.49074",1000,66,328
1774278023,2026-03-23T15:00:23Z,FGSRR,"43.599663,1.490282",1000,64,326
1774278025,2026-03-23T15:00:25Z,FGSRR,"43.60025,1.489797",1100,64,326
1774278027,2026-03-23T15:00:27Z,FGSRR,"43.600754,1.48935",1100,65,331
1774278030,2026-03-23T15:00:30Z,FGSRR,"43.601337,1.488909",1100,66,334
1774278032,2026-03-23T15:00:32Z,FGSRR,"43.601944,1.488582",1100,68,336
1774278034,2026-03-23T15:00:34Z,FGSRR,"43.602642,1.488124",1100,72,337
1774278036,2026-03-23T15:00:36Z,FGSRR,"43.603386,1.487732",1200,73,336
1774278038,2026-03-23T15:00:38Z,FGSRR,"43.604038,1.48734",1200,76,336
1774278040,2026-03-23T15:00:40Z,FGSRR,"43.604645,1.486987",1200,77,337
1774278042,2026-03-23T15:00:42Z,FGSRR,"43.605286,1.486603",1200,76,337
1774278045,2026-03-23T15:00:45Z,FGSRR,"43.606133,1.486162",1300,74,337
1774278047,2026-03-23T15:00:47Z,FGSRR,"43.606739,1.485835",1300,73,338
1774278049,2026-03-23T15:00:49Z,FGSRR,"43.607483,1.485378",1300,73,336
1774278051,2026-03-23T15:00:51Z,FGSRR,"43.608227,1.48492",1400,73,335
1774278053,2026-03-23T15:00:53Z,FGSRR,"43.60881,1.48456",1400,73,335
1774278055,2026-03-23T15:00:55Z,FGSRR,"43.609406,1.484176",1500,71,335
1774278058,2026-03-23T15:00:58Z,FGSRR,"43.610088,1.483808",1500,70,336
1774278060,2026-03-23T15:01:00Z,FGSRR,"43.610779,1.48341",1500,71,338
1774278062,2026-03-23T15:01:02Z,FGSRR,"43.611237,1.483154",1600,72,339
1774278064,2026-03-23T15:01:04Z,FGSRR,"43.612091,1.482762",1600,74,340
1774278066,2026-03-23T15:01:06Z,FGSRR,"43.612743,1.482435",1600,73,343
1774278068,2026-03-23T15:01:08Z,FGSRR,"43.613571,1.482132",1700,73,345
1774278070,2026-03-23T15:01:10Z,FGSRR,"43.614258,1.481941",1700,72,351
1774278072,2026-03-23T15:01:12Z,FGSRR,"43.614807,1.481877",1700,73,355
1774278075,2026-03-23T15:01:15Z,FGSRR,"43.615723,1.481813",1800,73,356
1774278077,2026-03-23T15:01:17Z,FGSRR,"43.616409,1.481749",1800,75,357
1774278079,2026-03-23T15:01:19Z,FGSRR,"43.617279,1.481749",1900,78,2
1774278081,2026-03-23T15:01:21Z,FGSRR,"43.618011,1.481877",1900,83,8
1774278083,2026-03-23T15:01:23Z,FGSRR,"43.618748,1.482108",1900,89,16
1774278085,2026-03-23T15:01:25Z,FGSRR,"43.619678,1.482566",1900,93,22
1774278088,2026-03-23T15:01:28Z,FGSRR,"43.620575,1.483154",1900,95,27
1774278090,2026-03-23T15:01:30Z,FGSRR,"43.621353,1.483729",1900,100,29
1774278092,2026-03-23T15:01:32Z,FGSRR,"43.622177,1.484432",1900,102,33
1774278094,2026-03-23T15:01:34Z,FGSRR,"43.62291,1.485198",1900,103,36
1774278096,2026-03-23T15:01:36Z,FGSRR,"43.623775,1.486032",1900,106,35
1774278098,2026-03-23T15:01:38Z,FGSRR,"43.624752,1.487013",1900,108,36
1774278100,2026-03-23T15:01:40Z,FGSRR,"43.625591,1.487797",1900,107,35
1774278102,2026-03-23T15:01:42Z,FGSRR,"43.626385,1.488647",1900,109,37
1774278105,2026-03-23T15:01:45Z,FGSRR,"43.627396,1.489797",1900,109,39
1774278107,2026-03-23T15:01:47Z,FGSRR,"43.628105,1.490609",1900,109,41
1774278109,2026-03-23T15:01:49Z,FGSRR,"43.629044,1.491841",1900,109,47
1774278111,2026-03-23T15:01:51Z,FGSRR,"43.629639,1.492927",1900,110,57
1774278114,2026-03-23T15:01:54Z,FGSRR,"43.630295,1.494598",1900,112,65
1774278116,2026-03-23T15:01:56Z,FGSRR,"43.630619,1.495972",1900,115,75
1774278118,2026-03-23T15:01:58Z,FGSRR,"43.63076,1.497149",1900,117,83
1774278120,2026-03-23T15:02:00Z,FGSRR,"43.630875,1.499442",1900,121,90
1774278123,2026-03-23T15:02:03Z,FGSRR,"43.630829,1.500975",1900,123,96
1774278125,2026-03-23T15:02:05Z,FGSRR,"43.630573,1.503034",1900,124,101
1774278127,2026-03-23T15:02:07Z,FGSRR,"43.63028,1.504744",1900,124,103
1774278129,2026-03-23T15:02:09Z,FGSRR,"43.630013,1.506108",1900,124,105
1774278132,2026-03-23T15:02:12Z,FGSRR,"43.629364,1.508855",1900,124,109
1774278135,2026-03-23T15:02:15Z,FGSRR,"43.628899,1.510555",2000,120,111
1774278137,2026-03-23T15:02:17Z,FGSRR,"43.628433,1.511928",2000,114,114
1774278139,2026-03-23T15:02:19Z,FGSRR,"43.628014,1.513236",2000,110,117
1774278141,2026-03-23T15:02:21Z,FGSRR,"43.627396,1.514836",2000,106,118
1774278144,2026-03-23T15:02:24Z,FGSRR,"43.626892,1.515985",2000,102,122
1774278146,2026-03-23T15:02:26Z,FGSRR,"43.626198,1.517356",2100,102,123
1774278148,2026-03-23T15:02:28Z,FGSRR,"43.62561,1.518604",2100,102,124
1774278151,2026-03-23T15:02:31Z,FGSRR,"43.625061,1.51969",2000,108,126
1774278153,2026-03-23T15:02:33Z,FGSRR,"43.624428,1.520952",2000,111,126
1774278155,2026-03-23T15:02:35Z,FGSRR,"43.623775,1.522064",2000,114,127
1774278157,2026-03-23T15:02:37Z,FGSRR,"43.622986,1.523438",2000,115,129
1774278159,2026-03-23T15:02:39Z,FGSRR,"43.622147,1.524811",2000,116,130
1774278161,2026-03-23T15:02:41Z,FGSRR,"43.62149,1.525822",1900,117,130
1774278163,2026-03-23T15:02:43Z,FGSRR,"43.620667,1.527227",1900,118,129
1774278166,2026-03-23T15:02:46Z,FGSRR,"43.61998,1.528377",1900,119,128
1774278168,2026-03-23T15:02:48Z,FGSRR,"43.61911,1.529782",1900,119,130
1774278170,2026-03-23T15:02:50Z,FGSRR,"43.618282,1.531023",1900,119,131
1774278172,2026-03-23T15:02:52Z,FGSRR,"43.617584,1.5322",1900,119,131
1774278174,2026-03-23T15:02:54Z,FGSRR,"43.616795,1.533312",1900,119,131
1774278176,2026-03-23T15:02:56Z,FGSRR,"43.616047,1.534424",1900,120,132
1774278179,2026-03-23T15:02:59Z,FGSRR,"43.615082,1.535914",1900,118,132
1774278181,2026-03-23T15:03:01Z,FGSRR,"43.614166,1.537192",1900,118,133
1774278183,2026-03-23T15:03:03Z,FGSRR,"43.613388,1.538278",1900,118,135
1774278185,2026-03-23T15:03:05Z,FGSRR,"43.612511,1.539394",1900,118,136
1774278187,2026-03-23T15:03:07Z,FGSRR,"43.611786,1.540321",1900,117,137
1774278190,2026-03-23T15:03:10Z,FGSRR,"43.610825,1.541535",1900,118,138
1774278192,2026-03-23T15:03:12Z,FGSRR,"43.609951,1.542664",1900,117,139
1774278194,2026-03-23T15:03:14Z,FGSRR,"43.609039,1.543707",1900,116,141
1774278196,2026-03-23T15:03:16Z,FGSRR,"43.60817,1.544601",1900,116,143
1774278198,2026-03-23T15:03:18Z,FGSRR,"43.6073,1.545495",1900,114,144
1774278200,2026-03-23T15:03:20Z,FGSRR,"43.606293,1.546517",1900,112,144
1774278203,2026-03-23T15:03:23Z,FGSRR,"43.605423,1.547348",1800,111,144
1774278205,2026-03-23T15:03:25Z,FGSRR,"43.604362,1.548418",1800,110,145
1774278207,2026-03-23T15:03:27Z,FGSRR,"43.603527,1.549138",1800,108,147
1774278209,2026-03-23T15:03:29Z,FGSRR,"43.602688,1.549922",1800,105,147
1774278211,2026-03-23T15:03:31Z,FGSRR,"43.601849,1.550576",1800,102,148
1774278213,2026-03-23T15:03:33Z,FGSRR,"43.600872,1.551361",1800,98,150
1774278216,2026-03-23T15:03:36Z,FGSRR,"43.600082,1.55195",1800,95,153
1774278218,2026-03-23T15:03:38Z,FGSRR,"43.599152,1.552604",1800,95,153
1774278220,2026-03-23T15:03:40Z,FGSRR,"43.598358,1.553192",1800,95,153
1774278222,2026-03-23T15:03:42Z,FGSRR,"43.597504,1.553799",1800,95,153
1774278224,2026-03-23T15:03:44Z,FGSRR,"43.596638,1.554435",1800,95,151
1774278227,2026-03-23T15:03:47Z,FGSRR,"43.595753,1.555089",1800,93,149
1774278229,2026-03-23T15:03:49Z,FGSRR,"43.595005,1.555677",1800,92,150
1774278231,2026-03-23T15:03:51Z,FGSRR,"43.594025,1.556418",1800,91,152
1774278233,2026-03-23T15:03:53Z,FGSRR,"43.593472,1.556789",1800,92,155
1774278235,2026-03-23T15:03:55Z,FGSRR,"43.592606,1.557312",1800,91,160
1774278237,2026-03-23T15:03:57Z,FGSRR,"43.591827,1.557695",1800,91,160
1774278239,2026-03-23T15:03:59Z,FGSRR,"43.590958,1.558097",1800,90,161
1774278241,2026-03-23T15:04:01Z,FGSRR,"43.589951,1.558589",1800,88,162
1774278244,2026-03-23T15:04:04Z,FGSRR,"43.589096,1.558947",1800,87,161
1774278247,2026-03-23T15:04:07Z,FGSRR,"43.588024,1.559339",1800,85,167
1774278249,2026-03-23T15:04:09Z,FGSRR,"43.586975,1.559548",1800,84,173
1774278251,2026-03-23T15:04:11Z,FGSRR,"43.586197,1.559611",1800,84,180
1774278254,2026-03-23T15:04:14Z,FGSRR,"43.585186,1.559535",1700,84,184
1774278256,2026-03-23T15:04:16Z,FGSRR,"43.584579,1.559405",1700,84,190
1774278258,2026-03-23T15:04:18Z,FGSRR,"43.583725,1.559228",1700,84,192
1774278260,2026-03-23T15:04:20Z,FGSRR,"43.582993,1.558973",1700,84,197
1774278262,2026-03-23T15:04:22Z,FGSRR,"43.582157,1.558555",1700,84,203
1774278264,2026-03-23T15:04:24Z,FGSRR,"43.581322,1.557966",1600,83,210
1774278266,2026-03-23T15:04:26Z,FGSRR,"43.580715,1.557377",1600,82,217
1774278269,2026-03-23T15:04:29Z,FGSRR,"43.580109,1.556658",1600,83,223
1774278271,2026-03-23T15:04:31Z,FGSRR,"43.579365,1.555612",1600,82,228
1774278273,2026-03-23T15:04:33Z,FGSRR,"43.578808,1.554631",1600,81,232
1774278276,2026-03-23T15:04:36Z,FGSRR,"43.578388,1.553781",1600,80,236
1774278278,2026-03-23T15:04:38Z,FGSRR,"43.577911,1.552841",1500,81,238
1774278280,2026-03-23T15:04:40Z,FGSRR,"43.577454,1.551755",1500,82,240
1774278282,2026-03-23T15:04:42Z,FGSRR,"43.577087,1.550797",1500,85,241
1774278284,2026-03-23T15:04:44Z,FGSRR,"43.576675,1.549647",1500,84,243
1774278286,2026-03-23T15:04:46Z,FGSRR,"43.576401,1.548881",1500,82,244
1774278289,2026-03-23T15:04:49Z,FGSRR,"43.575966,1.547699",1500,80,245
1774278291,2026-03-23T15:04:51Z,FGSRR,"43.575714,1.546837",1500,78,246
1774278293,2026-03-23T15:04:53Z,FGSRR,"43.575348,1.545751",1500,79,246
1774278295,2026-03-23T15:04:55Z,FGSRR,"43.575073,1.544793",1500,79,247
1774278297,2026-03-23T15:04:57Z,FGSRR,"43.574799,1.543835",1400,80,249
1774278299,2026-03-23T15:04:59Z,FGSRR,"43.57457,1.542876",1400,81,249
1774278301,2026-03-23T15:05:01Z,FGSRR,"43.5742,1.541617",1400,81,244
1774278303,2026-03-23T15:05:03Z,FGSRR,"43.573883,1.540769",1400,81,239
1774278306,2026-03-23T15:05:06Z,FGSRR,"43.573452,1.539786",1400,81,238
1774278308,2026-03-23T15:05:08Z,FGSRR,"43.572968,1.538852",1400,80,235
1774278310,2026-03-23T15:05:10Z,FGSRR,"43.572464,1.53783",1400,81,233
1774278312,2026-03-23T15:05:12Z,FGSRR,"43.572006,1.537",1300,82,234
1774278315,2026-03-23T15:05:15Z,FGSRR,"43.571499,1.536059",1300,82,235
1774278317,2026-03-23T15:05:17Z,FGSRR,"43.570953,1.534956",1300,83,234
1774278319,2026-03-23T15:05:19Z,FGSRR,"43.570522,1.534162",1300,83,235
1774278321,2026-03-23T15:05:21Z,FGSRR,"43.569992,1.532976",1300,83,237
1774278323,2026-03-23T15:05:23Z,FGSRR,"43.569496,1.532004",1200,82,236
1774278325,2026-03-23T15:05:25Z,FGSRR,"43.569122,1.531251",1200,80,236
1774278327,2026-03-23T15:05:27Z,FGSRR,"43.568657,1.530304",1200,79,234
1774278330,2026-03-23T15:05:30Z,FGSRR,"43.568207,1.529399",1200,78,234
1774278332,2026-03-23T15:05:32Z,FGSRR,"43.567795,1.528633",1200,77,236
1774278334,2026-03-23T15:05:34Z,FGSRR,"43.567291,1.527611",1200,78,235
1774278336,2026-03-23T15:05:36Z,FGSRR,"43.566841,1.526707",1100,78,236
1774278338,2026-03-23T15:05:38Z,FGSRR,"43.566517,1.526053",1100,79,237
1774278340,2026-03-23T15:05:40Z,FGSRR,"43.566055,1.524864",1100,79,239
1774278342,2026-03-23T15:05:42Z,FGSRR,"43.565689,1.52397",1100,80,241
1774278345,2026-03-23T15:05:45Z,FGSRR,"43.565369,1.523076",1100,80,245
1774278347,2026-03-23T15:05:47Z,FGSRR,"43.565094,1.522117",1100,79,250
1774278349,2026-03-23T15:05:49Z,FGSRR,"43.564793,1.520691",1000,79,256
1774278351,2026-03-23T15:05:51Z,FGSRR,"43.564682,1.519754",1000,79,259
1774278353,2026-03-23T15:05:53Z,FGSRR,"43.564514,1.518664",1000,80,262
1774278356,2026-03-23T15:05:56Z,FGSRR,"43.564468,1.517421",1000,80,270
1774278358,2026-03-23T15:05:58Z,FGSRR,"43.56459,1.516369",1000,79,280
1774278360,2026-03-23T15:06:00Z,FGSRR,"43.564747,1.515459",1000,78,287
1774278362,2026-03-23T15:06:02Z,FGSRR,"43.565002,1.514453",1000,77,292
1774278364,2026-03-23T15:06:04Z,FGSRR,"43.565323,1.513558",900,77,301
1774278366,2026-03-23T15:06:06Z,FGSRR,"43.565735,1.512728",900,77,310
1774278368,2026-03-23T15:06:08Z,FGSRR,"43.566376,1.511863",800,77,319
1774278371,2026-03-23T15:06:11Z,FGSRR,"43.566982,1.511274",800,78,330
1774278373,2026-03-23T15:06:13Z,FGSRR,"43.567635,1.510816",800,78,335
1774278375,2026-03-23T15:06:15Z,FGSRR,"43.568287,1.510424",800,78,336
1774278377,2026-03-23T15:06:17Z,FGSRR,"43.569077,1.509966",800,78,336
1774278379,2026-03-23T15:06:19Z,FGSRR,"43.569855,1.509534",700,78,337
1774278381,2026-03-23T15:06:21Z,FGSRR,"43.570427,1.509181",700,79,339
1774278384,2026-03-23T15:06:24Z,FGSRR,"43.571266,1.508724",700,79,336
1774278386,2026-03-23T15:06:26Z,FGSRR,"43.572197,1.508201",600,78,336
1774278388,2026-03-23T15:06:28Z,FGSRR,"43.572895,1.507808",600,78,336
1774278391,2026-03-23T15:06:31Z,FGSRR,"43.573608,1.507362",600,78,336
1774278393,2026-03-23T15:06:33Z,FGSRR,"43.574478,1.506827",600,76,336
1774278395,2026-03-23T15:06:35Z,FGSRR,"43.57513,1.506435",600,73,335
1774278398,2026-03-23T15:06:38Z,FGSRR,"43.575897,1.505893",500,71,335
1774278400,2026-03-23T15:06:40Z,FGSRR,"43.576492,1.505574",500,68,336
1774278402,2026-03-23T15:06:42Z,FGSRR,"43.577362,1.504996",500,68,335
1774278412,2026-03-23T15:06:52Z,FGSRR,"43.579147,1.503977",400,61,338
1774278416,2026-03-23T15:06:56Z,FGSRR,"43.580437,1.503165",500,61,333
1774278421,2026-03-23T15:07:01Z,FGSRR,"43.581757,1.502316",400,61,335
1774278431,2026-03-23T15:07:11Z,FGSRR,"43.584824,1.500464",300,50,334
1774278440,2026-03-23T15:07:20Z,FGSRR,"43.58672,1.499241",300,50,334
1774278453,2026-03-23T15:07:33Z,FGSRR,"43.590591,1.496823",500,70,334
1774278461,2026-03-23T15:07:41Z,FGSRR,"43.592834,1.49529",700,63,331
1774278463,2026-03-23T15:07:43Z,FGSRR,"43.593338,1.494907",700,64,331
1774278465,2026-03-23T15:07:45Z,FGSRR,"43.593979,1.494396",700,66,329
1774278467,2026-03-23T15:07:47Z,FGSRR,"43.594482,1.494013",700,67,328
1774278469,2026-03-23T15:07:49Z,FGSRR,"43.5951,1.493487",800,69,327
1774278471,2026-03-23T15:07:51Z,FGSRR,"43.595581,1.493055",800,70,326
1774278474,2026-03-23T15:07:54Z,FGSRR,"43.596268,1.49248",800,69,326
1774278476,2026-03-23T15:07:56Z,FGSRR,"43.596962,1.491852",800,69,326
1774278478,2026-03-23T15:07:58Z,FGSRR,"43.597412,1.491394",900,68,330
1774278480,2026-03-23T15:08:00Z,FGSRR,"43.598099,1.490947",900,68,334
1774278482,2026-03-23T15:08:02Z,FGSRR,"43.598694,1.490564",900,71,337
1774278485,2026-03-23T15:08:05Z,FGSRR,"43.599384,1.490217",900,73,337
1774278487,2026-03-23T15:08:07Z,FGSRR,"43.600128,1.489759",1000,74,337
1774278489,2026-03-23T15:08:09Z,FGSRR,"43.600708,1.489478",1000,73,336
1774278491,2026-03-23T15:08:11Z,FGSRR,"43.601524,1.488974",1000,72,338
1774278493,2026-03-23T15:08:13Z,FGSRR,"43.602081,1.488647",1100,72,338
1774278495,2026-03-23T15:08:15Z,FGSRR,"43.602779,1.48832",1100,72,339
1774278498,2026-03-23T15:08:18Z,FGSRR,"43.603386,1.487993",1100,72,339
1774278500,2026-03-23T15:08:20Z,FGSRR,"43.603958,1.487625",1200,71,337
1774278502,2026-03-23T15:08:22Z,FGSRR,"43.604736,1.487209",1200,69,337
1774278504,2026-03-23T15:08:24Z,FGSRR,"43.605343,1.486882",1300,68,338
1774278506,2026-03-23T15:08:26Z,FGSRR,"43.606041,1.486555",1300,67,339
1774278508,2026-03-23T15:08:28Z,FGSRR,"43.606598,1.486162",1300,67,337
1774278510,2026-03-23T15:08:30Z,FGSRR,"43.607254,1.485773",1400,68,334
1774278512,2026-03-23T15:08:32Z,FGSRR,"43.607849,1.48539",1400,70,333
1774278514,2026-03-23T15:08:34Z,FGSRR,"43.608368,1.485051",1400,73,334
1774278516,2026-03-23T15:08:36Z,FGSRR,"43.609039,1.48456",1400,75,334
1774278519,2026-03-23T15:08:39Z,FGSRR,"43.609764,1.48407",1500,76,335
1774278521,2026-03-23T15:08:41Z,FGSRR,"43.610321,1.483729",1500,76,335
1774278523,2026-03-23T15:08:43Z,FGSRR,"43.61116,1.483154",1500,77,334
1774278525,2026-03-23T15:08:45Z,FGSRR,"43.611813,1.482762",1500,81,335
1774278527,2026-03-23T15:08:47Z,FGSRR,"43.612511,1.48237",1500,81,336
1774278529,2026-03-23T15:08:49Z,FGSRR,"43.613297,1.481941",1600,82,337
1774278531,2026-03-23T15:08:51Z,FGSRR,"43.613983,1.481557",1600,80,339
1774278534,2026-03-23T15:08:54Z,FGSRR,"43.614933,1.481192",1600,80,344
1774278536,2026-03-23T15:08:56Z,FGSRR,"43.615585,1.480983",1700,82,353
1774278538,2026-03-23T15:08:58Z,FGSRR,"43.616364,1.480919",1700,84,357
1774278540,2026-03-23T15:09:00Z,FGSRR,"43.61726,1.480931",1700,86,3
1774278542,2026-03-23T15:09:02Z,FGSRR,"43.618191,1.481062",1700,88,7
1774278545,2026-03-23T15:09:05Z,FGSRR,"43.619293,1.481302",1700,89,10
1774278547,2026-03-23T15:09:07Z,FGSRR,"43.620071,1.481557",1800,91,15
1774278549,2026-03-23T15:09:09Z,FGSRR,"43.620895,1.481941",1800,92,20
1774278551,2026-03-23T15:09:11Z,FGSRR,"43.621773,1.482435",1800,94,21
1774278553,2026-03-23T15:09:13Z,FGSRR,"43.622612,1.482893",1900,97,24
1774278555,2026-03-23T15:09:15Z,FGSRR,"43.623505,1.483474",1900,100,26
1774278557,2026-03-23T15:09:17Z,FGSRR,"43.624512,1.484176",1900,102,29
1774278560,2026-03-23T15:09:20Z,FGSRR,"43.625267,1.484855",1900,105,37
1774278562,2026-03-23T15:09:22Z,FGSRR,"43.626335,1.486032",1900,105,43
1774278564,2026-03-23T15:09:24Z,FGSRR,"43.626938,1.486923",1900,107,48
1774278566,2026-03-23T15:09:26Z,FGSRR,"43.627579,1.487945",1900,110,53
1774278568,2026-03-23T15:09:28Z,FGSRR,"43.628265,1.48935",1900,110,57
1774278571,2026-03-23T15:09:31Z,FGSRR,"43.628849,1.49074",1900,113,62
1774278573,2026-03-23T15:09:33Z,FGSRR,"43.629456,1.492416",1900,115,66
1774278575,2026-03-23T15:09:35Z,FGSRR,"43.629868,1.493821",1900,116,69
1774278578,2026-03-23T15:09:38Z,FGSRR,"43.630188,1.495227",1900,116,72
1774278580,2026-03-23T15:09:40Z,FGSRR,"43.630478,1.496822",1900,116,77
1774278582,2026-03-23T15:09:42Z,FGSRR,"43.630711,1.498522",1900,116,81
1774278584,2026-03-23T15:09:44Z,FGSRR,"43.630852,1.500026",1900,115,84
1774278586,2026-03-23T15:09:46Z,FGSRR,"43.630947,1.501465",1900,116,88
1774278588,2026-03-23T15:09:48Z,FGSRR,"43.630947,1.503296",1900,117,90
1774278590,2026-03-23T15:09:50Z,FGSRR,"43.630875,1.504616",1900,118,95
1774278592,2026-03-23T15:09:52Z,FGSRR,"43.630711,1.506566",1900,118,98
1774278595,2026-03-23T15:09:55Z,FGSRR,"43.630478,1.50807",1900,117,103
1774278597,2026-03-23T15:09:57Z,FGSRR,"43.630199,1.509508",1900,116,105
1774278599,2026-03-23T15:09:59Z,FGSRR,"43.629734,1.51147",1900,117,109
1774278601,2026-03-23T15:10:01Z,FGSRR,"43.629314,1.512843",1900,117,113
1774278603,2026-03-23T15:10:03Z,FGSRR,"43.628849,1.514217",1900,118,115
1774278606,2026-03-23T15:10:06Z,FGSRR,"43.628338,1.51559",1900,120,119
1774278608,2026-03-23T15:10:08Z,FGSRR,"43.62764,1.51716",1900,120,123
1774278610,2026-03-23T15:10:10Z,FGSRR,"43.627129,1.518141",1900,121,125
1774278612,2026-03-23T15:10:12Z,FGSRR,"43.626251,1.51969",1900,120,129
1774278614,2026-03-23T15:10:14Z,FGSRR,"43.625519,1.520904",1900,119,130
1774278616,2026-03-23T15:10:16Z,FGSRR,"43.624649,1.522245",1900,116,133
1774278619,2026-03-23T15:10:19Z,FGSRR,"43.623775,1.523372",1900,115,135
1774278621,2026-03-23T15:10:21Z,FGSRR,"43.623032,1.524418",1900,115,136
1774278623,2026-03-23T15:10:23Z,FGSRR,"43.622131,1.525503",1900,115,138
1774278625,2026-03-23T15:10:25Z,FGSRR,"43.621353,1.526461",1900,114,138
1774278627,2026-03-23T15:10:27Z,FGSRR,"43.620331,1.527688",1900,111,138
1774278630,2026-03-23T15:10:30Z,FGSRR,"43.6194,1.5288",1900,110,137
1774278632,2026-03-23T15:10:32Z,FGSRR,"43.618607,1.529846",1800,110,137
1774278634,2026-03-23T15:10:34Z,FGSRR,"43.617874,1.530804",1800,110,135
1774278636,2026-03-23T15:10:36Z,FGSRR,"43.617142,1.531826",1800,111,133
1774278638,2026-03-23T15:10:38Z,FGSRR,"43.616272,1.53304",1800,107,135
1774278640,2026-03-23T15:10:40Z,FGSRR,"43.615536,1.534097",1800,105,133
1774278643,2026-03-23T15:10:43Z,FGSRR,"43.614838,1.535078",1800,102,133
1774278645,2026-03-23T15:10:45Z,FGSRR,"43.614094,1.536189",1900,100,134
1774278647,2026-03-23T15:10:47Z,FGSRR,"43.613525,1.537",1900,98,133
1774278649,2026-03-23T15:10:49Z,FGSRR,"43.612698,1.538151",1900,97,135
1774278651,2026-03-23T15:10:51Z,FGSRR,"43.612045,1.539001",1900,96,135
1774278653,2026-03-23T15:10:53Z,FGSRR,"43.61158,1.539721",1900,96,132
1774278656,2026-03-23T15:10:56Z,FGSRR,"43.610779,1.540896",1900,96,132
1774278658,2026-03-23T15:10:58Z,FGSRR,"43.610138,1.541791",1900,96,133
1774278660,2026-03-23T15:11:00Z,FGSRR,"43.609497,1.542685",1900,96,133
1774278663,2026-03-23T15:11:03Z,FGSRR,"43.608692,1.543841",1900,96,132
1774278665,2026-03-23T15:11:05Z,FGSRR,"43.608032,1.544857",2000,97,132
1774278667,2026-03-23T15:11:07Z,FGSRR,"43.607437,1.545751",1900,97,131
1774278669,2026-03-23T15:11:09Z,FGSRR,"43.606705,1.546837",1900,97,131
1774278671,2026-03-23T15:11:11Z,FGSRR,"43.606041,1.54783",1900,98,136
1774278673,2026-03-23T15:11:13Z,FGSRR,"43.60556,1.548434",1900,98,140
1774278675,2026-03-23T15:11:15Z,FGSRR,"43.604595,1.549399",1900,100,145
1774278677,2026-03-23T15:11:17Z,FGSRR,"43.603806,1.550119",1900,100,148
1774278680,2026-03-23T15:11:20Z,FGSRR,"43.602829,1.550838",1900,99,151
1774278682,2026-03-23T15:11:22Z,FGSRR,"43.60199,1.551427",1900,99,153
1774278684,2026-03-23T15:11:24Z,FGSRR,"43.6012,1.552015",1900,100,153
1774278686,2026-03-23T15:11:26Z,FGSRR,"43.60025,1.552649",1900,100,153
1774278688,2026-03-23T15:11:28Z,FGSRR,"43.599335,1.553258",1900,100,153
1774278690,2026-03-23T15:11:30Z,FGSRR,"43.598358,1.553911",1900,99,153
1774278692,2026-03-23T15:11:32Z,FGSRR,"43.597569,1.5545",1900,99,151
1774278694,2026-03-23T15:11:34Z,FGSRR,"43.596634,1.55514",1900,99,153
1774278697,2026-03-23T15:11:37Z,FGSRR,"43.59581,1.555715",1900,99,154
1774278699,2026-03-23T15:11:39Z,FGSRR,"43.594803,1.556354",1900,100,155
1774278701,2026-03-23T15:11:41Z,FGSRR,"43.593933,1.556865",1900,101,157
1774278703,2026-03-23T15:11:43Z,FGSRR,"43.593063,1.557312",1900,99,158
1774278705,2026-03-23T15:11:45Z,FGSRR,"43.592239,1.557759",1900,97,158
1774278707,2026-03-23T15:11:47Z,FGSRR,"43.591328,1.558228",1900,95,159
1774278710,2026-03-23T15:11:50Z,FGSRR,"43.590408,1.558717",1900,97,160
1774278712,2026-03-23T15:11:52Z,FGSRR,"43.589539,1.559164",1900,99,160
1774278714,2026-03-23T15:11:54Z,FGSRR,"43.588398,1.559732",1900,100,159
1774278717,2026-03-23T15:11:57Z,FGSRR,"43.586929,1.560506",1900,102,158
1774278719,2026-03-23T15:11:59Z,FGSRR,"43.586014,1.561017",1900,102,157
1774278722,2026-03-23T15:12:02Z,FGSRR,"43.584961,1.561655",1800,103,157
1774278724,2026-03-23T15:12:04Z,FGSRR,"43.583973,1.562151",1800,103,157
1774278726,2026-03-23T15:12:06Z,FGSRR,"43.583038,1.562741",1800,104,158
1774278729,2026-03-23T15:12:09Z,FGSRR,"43.58202,1.563263",1800,104,162
1774278731,2026-03-23T15:12:11Z,FGSRR,"43.580978,1.563572",1800,101,169
1774278733,2026-03-23T15:12:13Z,FGSRR,"43.580063,1.563763",1800,98,174
1774278735,2026-03-23T15:12:15Z,FGSRR,"43.57901,1.563763",1800,96,180
1774278737,2026-03-23T15:12:17Z,FGSRR,"43.578094,1.563699",1800,94,184
1774278739,2026-03-23T15:12:19Z,FGSRR,"43.576992,1.563524",1800,92,188
1774278741,2026-03-23T15:12:21Z,FGSRR,"43.576153,1.563328",1700,91,190
1774278744,2026-03-23T15:12:24Z,FGSRR,"43.575176,1.563067",1700,88,193
1774278746,2026-03-23T15:12:26Z,FGSRR,"43.574383,1.562805",1700,85,194
1774278748,2026-03-23T15:12:28Z,FGSRR,"43.573639,1.562478",1700,84,197
1774278750,2026-03-23T15:12:30Z,FGSRR,"43.572693,1.562039",1700,83,204
1774278752,2026-03-23T15:12:32Z,FGSRR,"43.572189,1.561592",1700,81,211
1774278754,2026-03-23T15:12:34Z,FGSRR,"43.571358,1.560778",1700,82,218
1774278756,2026-03-23T15:12:36Z,FGSRR,"43.570847,1.560059",1700,82,226
1774278758,2026-03-23T15:12:38Z,FGSRR,"43.570427,1.559405",1700,83,231
1774278761,2026-03-23T15:12:41Z,FGSRR,"43.569946,1.558462",1700,83,234
1774278763,2026-03-23T15:12:43Z,FGSRR,"43.56945,1.557508",1700,83,239
1774278765,2026-03-23T15:12:45Z,FGSRR,"43.569077,1.556593",1700,85,244
1774278767,2026-03-23T15:12:47Z,FGSRR,"43.568752,1.555546",1600,85,247
1774278769,2026-03-23T15:12:49Z,FGSRR,"43.568424,1.554369",1600,85,252
1774278771,2026-03-23T15:12:51Z,FGSRR,"43.568207,1.553224",1600,83,254
1774278774,2026-03-23T15:12:54Z,FGSRR,"43.568008,1.55208",1600,82,258
1774278776,2026-03-23T15:12:56Z,FGSRR,"43.567822,1.550838",1600,82,258
1774278778,2026-03-23T15:12:58Z,FGSRR,"43.56768,1.549792",1600,81,260
1774278780,2026-03-23T15:13:00Z,FGSRR,"43.567539,1.548615",1500,79,261
1774278782,2026-03-23T15:13:02Z,FGSRR,"43.567448,1.547437",1500,78,264
1774278785,2026-03-23T15:13:05Z,FGSRR,"43.567383,1.546517",1500,78,264
1774278787,2026-03-23T15:13:07Z,FGSRR,"43.567356,1.54541",1500,78,267
1774278789,2026-03-23T15:13:09Z,FGSRR,"43.567307,1.544429",1500,78,269
1774278792,2026-03-23T15:13:12Z,FGSRR,"43.567245,1.542749",1400,79,262
1774278794,2026-03-23T15:13:14Z,FGSRR,"43.567062,1.541535",1400,79,259
1774278796,2026-03-23T15:13:16Z,FGSRR,"43.566925,1.540577",1400,80,257
1774278799,2026-03-23T15:13:19Z,FGSRR,"43.566704,1.539263",1300,78,255
1774278801,2026-03-23T15:13:21Z,FGSRR,"43.566563,1.538478",1300,78,255
1774278803,2026-03-23T15:13:23Z,FGSRR,"43.566376,1.537447",1300,78,255
1774278805,2026-03-23T15:13:25Z,FGSRR,"43.566147,1.536489",1300,79,253
1774278808,2026-03-23T15:13:28Z,FGSRR,"43.56591,1.535209",1300,77,252
1774278810,2026-03-23T15:13:30Z,FGSRR,"43.565678,1.534293",1300,76,253
1774278812,2026-03-23T15:13:32Z,FGSRR,"43.565495,1.533378",1300,76,253
1774278814,2026-03-23T15:13:34Z,FGSRR,"43.565231,1.532146",1200,77,255
1774278816,2026-03-23T15:13:36Z,FGSRR,"43.565075,1.531089",1200,78,258
1774278818,2026-03-23T15:13:38Z,FGSRR,"43.564911,1.530038",1200,78,259
1774278821,2026-03-23T15:13:41Z,FGSRR,"43.564819,1.528824",1200,77,264
1774278823,2026-03-23T15:13:43Z,FGSRR,"43.564728,1.527866",1200,77,264
1774278825,2026-03-23T15:13:45Z,FGSRR,"43.564682,1.526652",1200,77,266
1774278827,2026-03-23T15:13:47Z,FGSRR,"43.564636,1.525886",1200,78,267
1774278829,2026-03-23T15:13:49Z,FGSRR,"43.56461,1.524615",1100,79,265
1774278832,2026-03-23T15:13:52Z,FGSRR,"43.564514,1.523372",1100,80,262
1774278834,2026-03-23T15:13:54Z,FGSRR,"43.564407,1.522437",1100,81,262
1774278836,2026-03-23T15:13:56Z,FGSRR,"43.564316,1.521415",1100,81,263
1774278838,2026-03-23T15:13:58Z,FGSRR,"43.564224,1.519946",1100,81,265
1774278840,2026-03-23T15:14:00Z,FGSRR,"43.564178,1.518924",1100,81,265
1774278842,2026-03-23T15:14:02Z,FGSRR,"43.564133,1.517902",1100,82,267
1774278844,2026-03-23T15:14:04Z,FGSRR,"43.564095,1.516963",1100,82,269
1774278847,2026-03-23T15:14:07Z,FGSRR,"43.564178,1.515602",1100,81,277
1774278849,2026-03-23T15:14:09Z,FGSRR,"43.564362,1.51458",1000,79,286
1774278851,2026-03-23T15:14:11Z,FGSRR,"43.564636,1.513686",1000,77,295
1774278853,2026-03-23T15:14:13Z,FGSRR,"43.565075,1.512582",1000,75,302
1774278855,2026-03-23T15:14:15Z,FGSRR,"43.56554,1.511863",1000,74,312
1774278857,2026-03-23T15:14:17Z,FGSRR,"43.566055,1.511195",1000,71,320
1774278861,2026-03-23T15:14:21Z,FGSRR,"43.566982,1.510359",900,68,334
1774278863,2026-03-23T15:14:23Z,FGSRR,"43.56768,1.509966",900,67,341
1774278865,2026-03-23T15:14:25Z,FGSRR,"43.568287,1.509705",800,67,343
1774278868,2026-03-23T15:14:28Z,FGSRR,"43.568752,1.509508",800,65,345
1774278870,2026-03-23T15:14:30Z,FGSRR,"43.569626,1.509279",800,63,347
1774278872,2026-03-23T15:14:32Z,FGSRR,"43.570381,1.508985",800,62,347
1774278875,2026-03-23T15:14:35Z,FGSRR,"43.571033,1.508789",700,61,345
1774278877,2026-03-23T15:14:37Z,FGSRR,"43.57159,1.508528",700,62,341
1774278879,2026-03-23T15:14:39Z,FGSRR,"43.572189,1.508257",700,63,336
1774278882,2026-03-23T15:14:42Z,FGSRR,"43.572922,1.50781",600,63,335
1774278885,2026-03-23T15:14:45Z,FGSRR,"43.573826,1.50722",600,63,334
1774278887,2026-03-23T15:14:47Z,FGSRR,"43.574245,1.506958",600,62,335
1774278889,2026-03-23T15:14:49Z,FGSRR,"43.574936,1.506468",600,63,335
1774278894,2026-03-23T15:14:54Z,FGSRR,"43.575943,1.505893",600,64,336
1774278896,2026-03-23T15:14:56Z,FGSRR,"43.576527,1.505519",500,64,336
1774278906,2026-03-23T15:15:06Z,FGSRR,"43.579147,1.503977",500,60,337
1774278916,2026-03-23T15:15:16Z,FGSRR,"43.581848,1.502316",400,62,335
1774278927,2026-03-23T15:15:27Z,FGSRR,"43.584625,1.500615",300,50,335
1774278944,2026-03-23T15:15:44Z,FGSRR,"43.588863,1.497868",400,73,335
1774278955,2026-03-23T15:15:55Z,FGSRR,"43.592167,1.495841",600,69,336
1774278963,2026-03-23T15:16:03Z,FGSRR,"43.59462,1.494268",700,71,333
1774278967,2026-03-23T15:16:07Z,FGSRR,"43.59581,1.493438",700,71,332
1774278969,2026-03-23T15:16:09Z,FGSRR,"43.596451,1.492927",800,68,331
1774278971,2026-03-23T15:16:11Z,FGSRR,"43.597,1.49248",800,68,330
1774278973,2026-03-23T15:16:13Z,FGSRR,"43.597614,1.491983",900,66,330
1774278976,2026-03-23T15:16:16Z,FGSRR,"43.598125,1.49159",900,64,330
1774278978,2026-03-23T15:16:18Z,FGSRR,"43.598694,1.491139",900,65,330
1774278980,2026-03-23T15:16:20Z,FGSRR,"43.599243,1.490691",900,69,330
1774278982,2026-03-23T15:16:22Z,FGSRR,"43.599838,1.490244",900,72,331
1774278984,2026-03-23T15:16:24Z,FGSRR,"43.600708,1.489606",1000,75,330
1774278986,2026-03-23T15:16:26Z,FGSRR,"43.601166,1.489222",1000,75,330
1774278988,2026-03-23T15:16:28Z,FGSRR,"43.601898,1.488711",1000,74,333
1774278991,2026-03-23T15:16:31Z,FGSRR,"43.602596,1.48832",1100,73,336
1774278994,2026-03-23T15:16:34Z,FGSRR,"43.603619,1.487797",1100,72,339
1774278996,2026-03-23T15:16:36Z,FGSRR,"43.604271,1.48747",1200,72,342
1774278998,2026-03-23T15:16:38Z,FGSRR,"43.604965,1.487178",1200,73,341
1774279000,2026-03-23T15:16:40Z,FGSRR,"43.605606,1.486859",1200,74,341
1774279002,2026-03-23T15:16:42Z,FGSRR,"43.606319,1.486555",1300,74,341
1774279005,2026-03-23T15:16:45Z,FGSRR,"43.607071,1.48622",1300,73,341
1774279007,2026-03-23T15:16:47Z,FGSRR,"43.607712,1.485901",1300,73,343
1774279009,2026-03-23T15:16:49Z,FGSRR,"43.608414,1.485639",1400,71,342
1774279011,2026-03-23T15:16:51Z,FGSRR,"43.60902,1.485378",1400,71,342
1774279013,2026-03-23T15:16:53Z,FGSRR,"43.609764,1.485051",1500,69,344
1774279015,2026-03-23T15:16:55Z,FGSRR,"43.610367,1.484815",1500,69,344
1774279017,2026-03-23T15:16:57Z,FGSRR,"43.611019,1.484593",1500,69,344
1774279019,2026-03-23T15:16:59Z,FGSRR,"43.611694,1.484368",1500,69,345
1774279021,2026-03-23T15:17:01Z,FGSRR,"43.612335,1.484112",1600,70,345
1774279023,2026-03-23T15:17:03Z,FGSRR,"43.612976,1.483921",1600,71,344
1774279026,2026-03-23T15:17:06Z,FGSRR,"43.613617,1.483665",1600,72,343
1774279028,2026-03-23T15:17:08Z,FGSRR,"43.614326,1.483351",1600,71,342
1774279030,2026-03-23T15:17:10Z,FGSRR,"43.61507,1.483024",1700,70,342
1774279032,2026-03-23T15:17:12Z,FGSRR,"43.615677,1.482762",1700,71,347
1774279034,2026-03-23T15:17:14Z,FGSRR,"43.616409,1.482643",1700,74,353
1774279036,2026-03-23T15:17:16Z,FGSRR,"43.617142,1.482579",1700,77,357
1774279038,2026-03-23T15:17:18Z,FGSRR,"43.617874,1.482707",1700,79,10
1774279040,2026-03-23T15:17:20Z,FGSRR,"43.618656,1.482958",1800,81,15
1774279043,2026-03-23T15:17:23Z,FGSRR,"43.6194,1.483285",1800,82,21
1774279045,2026-03-23T15:17:25Z,FGSRR,"43.620098,1.483743",1800,88,26
1774279047,2026-03-23T15:17:27Z,FGSRR,"43.621078,1.484432",1800,91,27
1774279049,2026-03-23T15:17:29Z,FGSRR,"43.621674,1.484879",1800,96,31
1774279051,2026-03-23T15:17:31Z,FGSRR,"43.622589,1.485773",1800,98,38
1774279053,2026-03-23T15:17:33Z,FGSRR,"43.623173,1.486555",1900,98,42
1774279055,2026-03-23T15:17:35Z,FGSRR,"43.623871,1.487405",1900,100,45
1774279057,2026-03-23T15:17:37Z,FGSRR,"43.624695,1.488584",1900,104,46
1774279059,2026-03-23T15:17:39Z,FGSRR,"43.625336,1.489606",1900,106,48
1774279061,2026-03-23T15:17:41Z,FGSRR,"43.625977,1.490691",1900,108,49
1774279063,2026-03-23T15:17:43Z,FGSRR,"43.626568,1.491656",1900,111,51
1774279065,2026-03-23T15:17:45Z,FGSRR,"43.627396,1.493119",1900,112,54
1774279067,2026-03-23T15:17:47Z,FGSRR,"43.627853,1.494141",1900,113,57
1774279070,2026-03-23T15:17:50Z,FGSRR,"43.628357,1.495354",1900,113,62
1774279072,2026-03-23T15:17:52Z,FGSRR,"43.628944,1.497083",1900,115,66
1774279074,2026-03-23T15:17:54Z,FGSRR,"43.629314,1.498457",1900,115,71
1774279076,2026-03-23T15:17:56Z,FGSRR,"43.629593,1.499698",1900,114,74
1774279078,2026-03-23T15:17:58Z,FGSRR,"43.629875,1.501596",1900,115,78
1774279080,2026-03-23T15:18:00Z,FGSRR,"43.630062,1.503034",1900,115,81
1774279082,2026-03-23T15:18:02Z,FGSRR,"43.630199,1.504538",1900,116,83
1774279084,2026-03-23T15:18:04Z,FGSRR,"43.630295,1.505977",1900,117,86
1774279086,2026-03-23T15:18:06Z,FGSRR,"43.630295,1.507481",1900,118,91
1774279088,2026-03-23T15:18:08Z,FGSRR,"43.630199,1.509312",1900,118,95
1774279091,2026-03-23T15:18:11Z,FGSRR,"43.630005,1.510939",1900,119,102
1774279093,2026-03-23T15:18:13Z,FGSRR,"43.629684,1.512409",1900,118,106
1774279095,2026-03-23T15:18:15Z,FGSRR,"43.629364,1.513878",1900,117,108
1774279097,2026-03-23T15:18:17Z,FGSRR,"43.628944,1.515394",1900,117,110
1774279099,2026-03-23T15:18:19Z,FGSRR,"43.628632,1.516369",1900,118,115
1774279101,2026-03-23T15:18:21Z,FGSRR,"43.627991,1.518285",1900,117,117
1774279104,2026-03-23T15:18:24Z,FGSRR,"43.627361,1.51971",1900,118,120
1774279106,2026-03-23T15:18:26Z,FGSRR,"43.626755,1.520952",1900,120,126
1774279108,2026-03-23T15:18:28Z,FGSRR,"43.625919,1.522391",1900,119,128
1774279110,2026-03-23T15:18:30Z,FGSRR,"43.625034,1.523764",1900,118,132
1774279112,2026-03-23T15:18:32Z,FGSRR,"43.624512,1.524545",1900,117,135
1774279115,2026-03-23T15:18:35Z,FGSRR,"43.623356,1.526119",1900,117,137
1774279117,2026-03-23T15:18:37Z,FGSRR,"43.62252,1.5271",1900,117,139
1774279119,2026-03-23T15:18:39Z,FGSRR,"43.621727,1.528081",1900,114,141
1774279121,2026-03-23T15:18:41Z,FGSRR,"43.620705,1.529127",1900,112,142
1774279123,2026-03-23T15:18:43Z,FGSRR,"43.619751,1.530038",1900,112,144
1774279125,2026-03-23T15:18:45Z,FGSRR,"43.618927,1.530868",1800,112,145
1774279128,2026-03-23T15:18:48Z,FGSRR,"43.617874,1.531762",1800,110,147
1774279130,2026-03-23T15:18:50Z,FGSRR,"43.617004,1.532529",1800,109,148
1774279132,2026-03-23T15:18:52Z,FGSRR,"43.61618,1.533295",1800,108,148
1774279134,2026-03-23T15:18:54Z,FGSRR,"43.615311,1.533998",1800,107,149
1774279136,2026-03-23T15:18:56Z,FGSRR,"43.614372,1.534685",1900,104,150
1774279138,2026-03-23T15:18:58Z,FGSRR,"43.613533,1.535339",1900,104,150
1774279140,2026-03-23T15:19:00Z,FGSRR,"43.612473,1.536234",1800,106,145
1774279143,2026-03-23T15:19:03Z,FGSRR,"43.611649,1.537064",1800,109,142
1774279145,2026-03-23T15:19:05Z,FGSRR,"43.610462,1.538413",1800,111,139
1774279148,2026-03-23T15:19:08Z,FGSRR,"43.609531,1.539459",1800,107,138
1774279150,2026-03-23T15:19:10Z,FGSRR,"43.608994,1.540066",1900,100,140
1774279152,2026-03-23T15:19:12Z,FGSRR,"43.608227,1.540898",1900,94,142
1774279154,2026-03-23T15:19:14Z,FGSRR,"43.607346,1.541855",1900,92,142
1774279156,2026-03-23T15:19:16Z,FGSRR,"43.606613,1.542557",1900,92,142
1774279158,2026-03-23T15:19:18Z,FGSRR,"43.605713,1.543514",1900,94,142
1774279161,2026-03-23T15:19:21Z,FGSRR,"43.605015,1.544233",1900,95,143
1774279163,2026-03-23T15:19:23Z,FGSRR,"43.604416,1.54492",1900,96,143
1774279165,2026-03-23T15:19:25Z,FGSRR,"43.603546,1.545815",1800,97,142
1774279167,2026-03-23T15:19:27Z,FGSRR,"43.602814,1.546581",1800,98,140
1774279169,2026-03-23T15:19:29Z,FGSRR,"43.60199,1.547539",1800,96,140
1774279171,2026-03-23T15:19:31Z,FGSRR,"43.601303,1.548306",1800,96,140
1774279174,2026-03-23T15:19:34Z,FGSRR,"43.600479,1.549264",1800,96,142
1774279176,2026-03-23T15:19:36Z,FGSRR,"43.599941,1.549726",1800,95,143
1774279178,2026-03-23T15:19:38Z,FGSRR,"43.598877,1.550797",1800,95,146
1774279180,2026-03-23T15:19:40Z,FGSRR,"43.598282,1.551372",1800,96,147
1774279182,2026-03-23T15:19:42Z,FGSRR,"43.597473,1.55208",1800,96,148
1774279185,2026-03-23T15:19:45Z,FGSRR,"43.596039,1.553352",1900,95,147
1774279188,2026-03-23T15:19:48Z,FGSRR,"43.595333,1.553911",1800,96,148
1774279190,2026-03-23T15:19:50Z,FGSRR,"43.594528,1.554629",1800,96,148
1774279192,2026-03-23T15:19:52Z,FGSRR,"43.59375,1.555332",1800,97,145
1774279194,2026-03-23T15:19:54Z,FGSRR,"43.593018,1.556035",1800,98,145
1774279196,2026-03-23T15:19:56Z,FGSRR,"43.592239,1.556737",1800,98,145
1774279198,2026-03-23T15:19:58Z,FGSRR,"43.59137,1.557631",1800,97,145
1774279200,2026-03-23T15:20:00Z,FGSRR,"43.590637,1.558334",1900,97,144
1774279202,2026-03-23T15:20:02Z,FGSRR,"43.58984,1.559143",1900,98,143
1774279205,2026-03-23T15:20:05Z,FGSRR,"43.588715,1.56025",1800,97,142
1774279207,2026-03-23T15:20:07Z,FGSRR,"43.587982,1.560953",1800,96,146
1774279209,2026-03-23T15:20:09Z,FGSRR,"43.58728,1.561497",1900,94,154
1774279211,2026-03-23T15:20:11Z,FGSRR,"43.586243,1.562103",1900,92,159
1774279214,2026-03-23T15:20:14Z,FGSRR,"43.585419,1.562486",1900,93,165
1774279216,2026-03-23T15:20:16Z,FGSRR,"43.584595,1.562677",1800,93,173
1774279218,2026-03-23T15:20:18Z,FGSRR,"43.583725,1.562741",1800,94,181
1774279220,2026-03-23T15:20:20Z,FGSRR,"43.582764,1.562609",1800,92,188
1774279222,2026-03-23T15:20:22Z,FGSRR,"43.581848,1.562358",1800,92,195
1774279224,2026-03-23T15:20:24Z,FGSRR,"43.580807,1.56189",1800,91,199
1774279226,2026-03-23T15:20:26Z,FGSRR,"43.580063,1.561528",1800,92,202
1774279229,2026-03-23T15:20:29Z,FGSRR,"43.579227,1.560974",1800,93,206
1774279231,2026-03-23T15:20:31Z,FGSRR,"43.57869,1.56057",1800,92,211
1774279233,2026-03-23T15:20:33Z,FGSRR,"43.577457,1.559535",1800,92,214
1774279235,2026-03-23T15:20:35Z,FGSRR,"43.576675,1.558717",1700,94,218
1774279238,2026-03-23T15:20:38Z,FGSRR,"43.576035,1.557951",1700,94,221
1774279240,2026-03-23T15:20:40Z,FGSRR,"43.575314,1.557116",1700,93,224
1774279242,2026-03-23T15:20:42Z,FGSRR,"43.574711,1.556266",1700,92,226
1774279244,2026-03-23T15:20:44Z,FGSRR,"43.57415,1.55535",1700,90,229
1774279246,2026-03-23T15:20:46Z,FGSRR,"43.573639,1.5545",1700,88,233
1774279248,2026-03-23T15:20:48Z,FGSRR,"43.573032,1.553388",1600,87,232
1774279250,2026-03-23T15:20:50Z,FGSRR,"43.572567,1.552538",1600,87,235
1774279253,2026-03-23T15:20:53Z,FGSRR,"43.572006,1.551308",1600,86,237
1774279255,2026-03-23T15:20:55Z,FGSRR,"43.57159,1.550511",1600,86,237
1774279257,2026-03-23T15:20:57Z,FGSRR,"43.571228,1.549647",1600,87,238
1774279259,2026-03-23T15:20:59Z,FGSRR,"43.57066,1.548418",1500,88,237
1774279261,2026-03-23T15:21:01Z,FGSRR,"43.570084,1.547156",1500,89,238
1774279263,2026-03-23T15:21:03Z,FGSRR,"43.569672,1.546198",1500,89,239
1774279266,2026-03-23T15:21:06Z,FGSRR,"43.56926,1.545176",1500,90,240
1774279268,2026-03-23T15:21:08Z,FGSRR,"43.568848,1.544218",1500,89,239
1774279270,2026-03-23T15:21:10Z,FGSRR,"43.568344,1.543004",1500,89,241
1774279272,2026-03-23T15:21:12Z,FGSRR,"43.567932,1.542046",1400,89,244
1774279274,2026-03-23T15:21:14Z,FGSRR,"43.56752,1.540769",1400,88,246
1774279276,2026-03-23T15:21:16Z,FGSRR,"43.567291,1.540002",1400,88,248
1774279278,2026-03-23T15:21:18Z,FGSRR,"43.566891,1.538609",1400,87,247
1774279280,2026-03-23T15:21:20Z,FGSRR,"43.566605,1.537703",1300,86,246
1774279283,2026-03-23T15:21:23Z,FGSRR,"43.566284,1.536582",1300,85,247
1774279285,2026-03-23T15:21:25Z,FGSRR,"43.566006,1.535601",1300,85,247
1774279287,2026-03-23T15:21:27Z,FGSRR,"43.565632,1.534358",1300,84,249
1774279290,2026-03-23T15:21:30Z,FGSRR,"43.565353,1.533181",1300,82,250
1774279292,2026-03-23T15:21:32Z,FGSRR,"43.565029,1.532004",1200,80,252
1774279294,2026-03-23T15:21:34Z,FGSRR,"43.564819,1.530932",1200,80,254
1774279296,2026-03-23T15:21:36Z,FGSRR,"43.564655,1.530042",1200,79,256
1774279298,2026-03-23T15:21:38Z,FGSRR,"43.564468,1.529061",1200,79,254
1774279300,2026-03-23T15:21:40Z,FGSRR,"43.564224,1.527802",1200,79,253
1774279302,2026-03-23T15:21:42Z,FGSRR,"43.563995,1.526844",1100,79,253
1774279305,2026-03-23T15:21:45Z,FGSRR,"43.563812,1.525822",1100,80,257
1774279307,2026-03-23T15:21:47Z,FGSRR,"43.563583,1.524417",1100,80,257
1774279309,2026-03-23T15:21:49Z,FGSRR,"43.5634,1.523459",1100,79,259
1774279312,2026-03-23T15:21:52Z,FGSRR,"43.563309,1.522437",1100,77,261
1774279314,2026-03-23T15:21:54Z,FGSRR,"43.563118,1.521149",1000,77,258
1774279316,2026-03-23T15:21:56Z,FGSRR,"43.562943,1.519946",1000,77,258
1774279318,2026-03-23T15:21:58Z,FGSRR,"43.562805,1.519179",1000,75,259
1774279320,2026-03-23T15:22:00Z,FGSRR,"43.562698,1.518141",1000,73,267
1774279323,2026-03-23T15:22:03Z,FGSRR,"43.562748,1.517029",1000,69,278
1774279325,2026-03-23T15:22:05Z,FGSRR,"43.562931,1.516179",1000,68,289
1774279327,2026-03-23T15:22:07Z,FGSRR,"43.563213,1.515263",900,68,298
1774279329,2026-03-23T15:22:09Z,FGSRR,"43.563629,1.514348",900,71,304
1774279332,2026-03-23T15:22:12Z,FGSRR,"43.564049,1.513628",900,73,308
1774279334,2026-03-23T15:22:14Z,FGSRR,"43.564636,1.512728",800,73,317
1774279336,2026-03-23T15:22:16Z,FGSRR,"43.565029,1.51232",800,74,323
1774279338,2026-03-23T15:22:18Z,FGSRR,"43.565781,1.511642",800,73,329
1774279340,2026-03-23T15:22:20Z,FGSRR,"43.566425,1.511143",800,74,333
1774279343,2026-03-23T15:22:23Z,FGSRR,"43.567154,1.510748",800,75,338
1774279345,2026-03-23T15:22:25Z,FGSRR,"43.567726,1.510424",700,75,342
1774279347,2026-03-23T15:22:27Z,FGSRR,"43.568619,1.510109",700,75,343
1774279349,2026-03-23T15:22:29Z,FGSRR,"43.56926,1.50979",700,72,343
1774279351,2026-03-23T15:22:31Z,FGSRR,"43.569901,1.509534",700,69,341
1774279355,2026-03-23T15:22:35Z,FGSRR,"43.570892,1.509116",700,67,341
1774279357,2026-03-23T15:22:37Z,FGSRR,"43.571499,1.508789",700,66,338
1774279359,2026-03-23T15:22:39Z,FGSRR,"43.572327,1.508321",700,64,338
1774279361,2026-03-23T15:22:41Z,FGSRR,"43.572876,1.508001",600,63,335
1774279364,2026-03-23T15:22:44Z,FGSRR,"43.573517,1.507554",600,65,333
1774279366,2026-03-23T15:22:46Z,FGSRR,"43.573975,1.507235",600,66,334
1774279369,2026-03-23T15:22:49Z,FGSRR,"43.575027,1.506596",600,68,334
1774279373,2026-03-23T15:22:53Z,FGSRR,"43.576309,1.505766",600,69,335
1774279377,2026-03-23T15:22:57Z,FGSRR,"43.577362,1.505062",500,67,336
1774279386,2026-03-23T15:23:06Z,FGSRR,"43.579605,1.503658",500,63,335
1774279391,2026-03-23T15:23:11Z,FGSRR,"43.580948,1.502838",400,63,336
1774279401,2026-03-23T15:23:21Z,FGSRR,"43.583508,1.501269",300,62,337
1774279412,2026-03-23T15:23:32Z,FGSRR,"43.585968,1.499698",300,51,334
1774279424,2026-03-23T15:23:44Z,FGSRR,"43.589375,1.497607",400,68,334
1774279432,2026-03-23T15:23:52Z,FGSRR,"43.591515,1.496233",600,68,334
1774279436,2026-03-23T15:23:56Z,FGSRR,"43.592773,1.495448",700,67,332
1774279438,2026-03-23T15:23:58Z,FGSRR,"43.59333,1.494991",700,68,331
1774279441,2026-03-23T15:24:01Z,FGSRR,"43.593891,1.494598",700,68,331
1774279443,2026-03-23T15:24:03Z,FGSRR,"43.594589,1.494075",800,69,329
1774279445,2026-03-23T15:24:05Z,FGSRR,"43.595146,1.493617",800,69,328
1774279447,2026-03-23T15:24:07Z,FGSRR,"43.595798,1.493094",800,70,328
1774279449,2026-03-23T15:24:09Z,FGSRR,"43.596355,1.492571",900,70,329
1774279451,2026-03-23T15:24:11Z,FGSRR,"43.596916,1.492113",900,71,328
1774279453,2026-03-23T15:24:13Z,FGSRR,"43.597614,1.491525",900,73,327
1774279455,2026-03-23T15:24:15Z,FGSRR,"43.59808,1.491132",1000,73,327
1774279458,2026-03-23T15:24:18Z,FGSRR,"43.598778,1.490544",1000,74,328
1774279460,2026-03-23T15:24:20Z,FGSRR,"43.599518,1.489925",1000,73,329
1774279462,2026-03-23T15:24:22Z,FGSRR,"43.600113,1.489478",1100,73,332
1774279464,2026-03-23T15:24:24Z,FGSRR,"43.600708,1.489095",1100,72,333
1774279466,2026-03-23T15:24:26Z,FGSRR,"43.601303,1.488647",1100,72,333
1774279468,2026-03-23T15:24:28Z,FGSRR,"43.602081,1.488124",1100,72,333
1774279471,2026-03-23T15:24:31Z,FGSRR,"43.602688,1.487732",1200,72,333
1774279473,2026-03-23T15:24:33Z,FGSRR,"43.603271,1.48737",1200,72,334
1774279475,2026-03-23T15:24:35Z,FGSRR,"43.603897,1.486947",1200,71,335
1774279477,2026-03-23T15:24:37Z,FGSRR,"43.604645,1.486489",1300,70,336
1774279479,2026-03-23T15:24:39Z,FGSRR,"43.605389,1.486097",1300,70,341
1774279481,2026-03-23T15:24:41Z,FGSRR,"43.606064,1.485837",1400,71,342
1774279483,2026-03-23T15:24:43Z,FGSRR,"43.606567,1.485645",1400,72,344
1774279486,2026-03-23T15:24:46Z,FGSRR,"43.607391,1.485326",1400,74,346
1774279488,2026-03-23T15:24:48Z,FGSRR,"43.608032,1.485134",1500,74,349
1774279490,2026-03-23T15:24:50Z,FGSRR,"43.608856,1.484943",1500,73,348
1774279492,2026-03-23T15:24:52Z,FGSRR,"43.609543,1.484751",1500,73,348
1774279494,2026-03-23T15:24:54Z,FGSRR,"43.610321,1.48456",1600,74,348
1774279497,2026-03-23T15:24:57Z,FGSRR,"43.611008,1.484368",1600,74,347
1774279499,2026-03-23T15:24:59Z,FGSRR,"43.611832,1.484112",1700,74,348
1774279501,2026-03-23T15:25:01Z,FGSRR,"43.612556,1.483874",1700,73,348
1774279503,2026-03-23T15:25:03Z,FGSRR,"43.613159,1.483729",1700,75,349
1774279505,2026-03-23T15:25:05Z,FGSRR,"43.614048,1.483481",1700,78,348
1774279507,2026-03-23T15:25:07Z,FGSRR,"43.614792,1.483285",1700,82,348
1774279509,2026-03-23T15:25:09Z,FGSRR,"43.615444,1.483154",1700,86,349
1774279512,2026-03-23T15:25:12Z,FGSRR,"43.616455,1.482899",1700,88,352
1774279514,2026-03-23T15:25:14Z,FGSRR,"43.617397,1.482827",1700,89,354
1774279516,2026-03-23T15:25:16Z,FGSRR,"43.618378,1.482958",1800,89,5
1774279518,2026-03-23T15:25:18Z,FGSRR,"43.61911,1.48309",1800,91,11
1774279520,2026-03-23T15:25:20Z,FGSRR,"43.619865,1.483351",1800,93,14
1774279522,2026-03-23T15:25:22Z,FGSRR,"43.620705,1.483743",1900,96,23
1774279524,2026-03-23T15:25:24Z,FGSRR,"43.621765,1.484496",1900,99,30
1774279526,2026-03-23T15:25:26Z,FGSRR,"43.622543,1.485262",1900,107,36
1774279529,2026-03-23T15:25:29Z,FGSRR,"43.623405,1.486228",1900,112,43
1774279531,2026-03-23T15:25:31Z,FGSRR,"43.624191,1.48737",1900,114,47
1774279533,2026-03-23T15:25:33Z,FGSRR,"43.624878,1.48852",1900,114,51
1774279535,2026-03-23T15:25:35Z,FGSRR,"43.625519,1.489669",1900,116,54
1774279537,2026-03-23T15:25:37Z,FGSRR,"43.626289,1.491329",1900,117,55
1774279539,2026-03-23T15:25:39Z,FGSRR,"43.626801,1.49231",1900,117,58
1774279542,2026-03-23T15:25:42Z,FGSRR,"43.627407,1.493879",1900,117,62
1774279544,2026-03-23T15:25:44Z,FGSRR,"43.628036,1.495674",1900,117,65
1774279546,2026-03-23T15:25:46Z,FGSRR,"43.628433,1.497214",1900,117,70
1774279548,2026-03-23T15:25:48Z,FGSRR,"43.628757,1.498653",1900,117,73
1774279550,2026-03-23T15:25:50Z,FGSRR,"43.629036,1.500092",1900,117,77
1774279553,2026-03-23T15:25:53Z,FGSRR,"43.629223,1.501596",1900,117,82
1774279555,2026-03-23T15:25:55Z,FGSRR,"43.629364,1.50353",1900,116,85
1774279557,2026-03-23T15:25:57Z,FGSRR,"43.62941,1.504999",1900,116,89
1774279559,2026-03-23T15:25:59Z,FGSRR,"43.62941,1.506893",1900,117,90
1774279561,2026-03-23T15:26:01Z,FGSRR,"43.62941,1.508397",1900,117,90
1774279563,2026-03-23T15:26:03Z,FGSRR,"43.629364,1.509574",1900,117,91
1774279565,2026-03-23T15:26:05Z,FGSRR,"43.629318,1.511578",1900,117,92
1774279568,2026-03-23T15:26:08Z,FGSRR,"43.629227,1.513047",1900,117,93
1774279570,2026-03-23T15:26:10Z,FGSRR,"43.629131,1.515002",1900,117,94
1774279572,2026-03-23T15:26:12Z,FGSRR,"43.629036,1.51644",1900,116,94
1774279574,2026-03-23T15:26:14Z,FGSRR,"43.628952,1.517774",1900,115,96
1774279576,2026-03-23T15:26:16Z,FGSRR,"43.628815,1.519243",1900,115,99
1774279579,2026-03-23T15:26:19Z,FGSRR,"43.628525,1.521149",2000,115,104
1774279581,2026-03-23T15:26:21Z,FGSRR,"43.628201,1.522522",2000,115,108
1774279583,2026-03-23T15:26:23Z,FGSRR,"43.627762,1.524034",2000,115,116
1774279585,2026-03-23T15:26:25Z,FGSRR,"43.62735,1.525056",2000,117,123
1774279587,2026-03-23T15:26:27Z,FGSRR,"43.626572,1.526525",1900,119,128
1774279589,2026-03-23T15:26:29Z,FGSRR,"43.625565,1.528122",1900,121,133
1774279592,2026-03-23T15:26:32Z,FGSRR,"43.624741,1.529207",1900,123,136
1774279594,2026-03-23T15:26:34Z,FGSRR,"43.623638,1.530566",1900,123,138
1774279596,2026-03-23T15:26:36Z,FGSRR,"43.622753,1.531546",1900,121,141
1774279598,2026-03-23T15:26:38Z,FGSRR,"43.621868,1.532462",1900,119,142
1774279601,2026-03-23T15:26:41Z,FGSRR,"43.620796,1.533508",1800,116,144
1774279603,2026-03-23T15:26:43Z,FGSRR,"43.619843,1.534445",1800,114,146
1774279605,2026-03-23T15:26:45Z,FGSRR,"43.61879,1.535403",1800,113,146
1774279607,2026-03-23T15:26:47Z,FGSRR,"43.617817,1.536255",1900,112,147
1774279610,2026-03-23T15:26:50Z,FGSRR,"43.616932,1.53704",1800,109,146
1774279612,2026-03-23T15:26:52Z,FGSRR,"43.61586,1.538022",1900,108,147
1774279614,2026-03-23T15:26:54Z,FGSRR,"43.615036,1.538725",1900,106,146
1774279616,2026-03-23T15:26:56Z,FGSRR,"43.614029,1.539619",1900,104,147
1774279618,2026-03-23T15:26:58Z,FGSRR,"43.613251,1.540385",1900,102,146
1774279620,2026-03-23T15:27:00Z,FGSRR,"43.612427,1.541088",1900,101,147
1774279623,2026-03-23T15:27:03Z,FGSRR,"43.611649,1.541791",1900,100,146
1774279625,2026-03-23T15:27:05Z,FGSRR,"43.610786,1.542533",1900,100,148
1774279627,2026-03-23T15:27:07Z,FGSRR,"43.610043,1.543252",1900,99,146
1774279629,2026-03-23T15:27:09Z,FGSRR,"43.608856,1.544282",1900,99,146
1774279631,2026-03-23T15:27:11Z,FGSRR,"43.608124,1.544984",1900,98,146
1774279634,2026-03-23T15:27:14Z,FGSRR,"43.607483,1.545559",1900,98,146
1774279636,2026-03-23T15:27:16Z,FGSRR,"43.606506,1.546456",1900,99,146
1774279638,2026-03-23T15:27:18Z,FGSRR,"43.605652,1.547156",1900,98,148
1774279640,2026-03-23T15:27:20Z,FGSRR,"43.604874,1.547859",1900,99,149
1774279642,2026-03-23T15:27:22Z,FGSRR,"43.603992,1.548549",1900,99,149
1774279645,2026-03-23T15:27:25Z,FGSRR,"43.603134,1.549264",1900,98,150
1774279647,2026-03-23T15:27:27Z,FGSRR,"43.602356,1.549903",1900,98,150
1774279649,2026-03-23T15:27:29Z,FGSRR,"43.601479,1.550576",1900,98,150
1774279651,2026-03-23T15:27:31Z,FGSRR,"43.600616,1.551244",1900,98,151
1774279653,2026-03-23T15:27:33Z,FGSRR,"43.599754,1.55195",1900,96,152
1774279655,2026-03-23T15:27:35Z,FGSRR,"43.59874,1.552649",1900,95,151
1774279658,2026-03-23T15:27:38Z,FGSRR,"43.598034,1.553192",1900,94,152
1774279660,2026-03-23T15:27:40Z,FGSRR,"43.597183,1.553799",1900,93,153
1774279662,2026-03-23T15:27:42Z,FGSRR,"43.596172,1.554435",1900,93,155
1774279665,2026-03-23T15:27:45Z,FGSRR,"43.595379,1.554958",1900,93,155
1774279667,2026-03-23T15:27:47Z,FGSRR,"43.594261,1.555677",1900,93,154
1774279669,2026-03-23T15:27:49Z,FGSRR,"43.593567,1.556098",1900,93,154
1774279671,2026-03-23T15:27:51Z,FGSRR,"43.592678,1.556658",1900,94,154
1774279673,2026-03-23T15:27:53Z,FGSRR,"43.591888,1.557181",1900,93,153
1774279675,2026-03-23T15:27:55Z,FGSRR,"43.591049,1.557759",1900,92,155
1774279677,2026-03-23T15:27:57Z,FGSRR,"43.590271,1.55827",1900,91,154
1774279680,2026-03-23T15:28:00Z,FGSRR,"43.589355,1.558845",1900,90,155
1774279682,2026-03-23T15:28:02Z,FGSRR,"43.588535,1.559339",1900,90,155
1774279684,2026-03-23T15:28:04Z,FGSRR,"43.587605,1.559928",1900,91,154
1774279686,2026-03-23T15:28:06Z,FGSRR,"43.586674,1.560516",1900,90,155
1774279689,2026-03-23T15:28:09Z,FGSRR,"43.585884,1.560909",1900,91,160
1774279691,2026-03-23T15:28:11Z,FGSRR,"43.584869,1.5614",1900,91,162
1774279693,2026-03-23T15:28:13Z,FGSRR,"43.583973,1.561693",1900,91,167
1774279695,2026-03-23T15:28:15Z,FGSRR,"43.583138,1.56189",1900,90,176
1774279697,2026-03-23T15:28:17Z,FGSRR,"43.582298,1.561824",1900,88,185
1774279700,2026-03-23T15:28:20Z,FGSRR,"43.581509,1.561628",1800,87,191
1774279702,2026-03-23T15:28:22Z,FGSRR,"43.580574,1.561301",1800,86,198
1774279704,2026-03-23T15:28:24Z,FGSRR,"43.579506,1.560713",1800,86,203
1774279707,2026-03-23T15:28:27Z,FGSRR,"43.578918,1.56025",1800,84,212
1774279709,2026-03-23T15:28:29Z,FGSRR,"43.578201,1.559535",1800,83,220
1774279711,2026-03-23T15:28:31Z,FGSRR,"43.577591,1.558717",1700,82,225
1774279713,2026-03-23T15:28:33Z,FGSRR,"43.576946,1.557704",1700,82,229
1774279715,2026-03-23T15:28:35Z,FGSRR,"43.576447,1.556801",1700,80,231
1774279718,2026-03-23T15:28:38Z,FGSRR,"43.576015,1.556069",1700,79,232
1774279720,2026-03-23T15:28:40Z,FGSRR,"43.575531,1.555204",1700,79,232
1774279722,2026-03-23T15:28:42Z,FGSRR,"43.575119,1.554374",1700,79,234
1774279724,2026-03-23T15:28:44Z,FGSRR,"43.574524,1.553224",1700,80,235
1774279726,2026-03-23T15:28:46Z,FGSRR,"43.574112,1.55233",1600,82,235
1774279728,2026-03-23T15:28:48Z,FGSRR,"43.573639,1.551361",1600,82,237
1774279730,2026-03-23T15:28:50Z,FGSRR,"43.573315,1.550642",1600,82,239
1774279733,2026-03-23T15:28:53Z,FGSRR,"43.572784,1.549519",1600,81,238
1774279735,2026-03-23T15:28:55Z,FGSRR,"43.572418,1.548625",1600,81,239
1774279737,2026-03-23T15:28:57Z,FGSRR,"43.571918,1.547437",1600,81,239
1774279739,2026-03-23T15:28:59Z,FGSRR,"43.571545,1.546522",1600,82,240
1774279741,2026-03-23T15:29:01Z,FGSRR,"43.571136,1.545495",1500,82,240
1774279743,2026-03-23T15:29:03Z,FGSRR,"43.570862,1.544793",1500,82,241
1774279746,2026-03-23T15:29:06Z,FGSRR,"43.57045,1.543643",1500,83,242
1774279748,2026-03-23T15:29:08Z,FGSRR,"43.570084,1.542685",1500,84,243
1774279750,2026-03-23T15:29:10Z,FGSRR,"43.569717,1.541727",1500,83,243
1774279752,2026-03-23T15:29:12Z,FGSRR,"43.569309,1.540506",1500,83,245
1774279754,2026-03-23T15:29:14Z,FGSRR,"43.569031,1.539721",1400,82,244
1774279756,2026-03-23T15:29:16Z,FGSRR,"43.568707,1.53874",1400,83,245
1774279758,2026-03-23T15:29:18Z,FGSRR,"43.568298,1.537447",1400,83,246
1774279760,2026-03-23T15:29:20Z,FGSRR,"43.567978,1.536489",1300,84,247
1774279762,2026-03-23T15:29:22Z,FGSRR,"43.567703,1.535467",1300,83,246
1774279765,2026-03-23T15:29:25Z,FGSRR,"43.567337,1.534317",1300,80,248
1774279767,2026-03-23T15:29:27Z,FGSRR,"43.567028,1.533312",1300,77,248
1774279769,2026-03-23T15:29:29Z,FGSRR,"43.566788,1.532465",1300,77,248
1774279771,2026-03-23T15:29:31Z,FGSRR,"43.566517,1.531481",1300,77,249
1774279773,2026-03-23T15:29:33Z,FGSRR,"43.566238,1.530369",1200,78,250
1774279775,2026-03-23T15:29:35Z,FGSRR,"43.566006,1.529388",1200,78,251
1774279777,2026-03-23T15:29:37Z,FGSRR,"43.565735,1.528377",1200,77,251
1774279780,2026-03-23T15:29:40Z,FGSRR,"43.565506,1.527483",1100,76,251
1774279782,2026-03-23T15:29:42Z,FGSRR,"43.565277,1.526525",1100,75,253
1774279784,2026-03-23T15:29:44Z,FGSRR,"43.565048,1.525439",1100,73,255
1774279786,2026-03-23T15:29:46Z,FGSRR,"43.564911,1.524736",1100,75,256
1774279788,2026-03-23T15:29:48Z,FGSRR,"43.564701,1.523503",1100,74,256
1774279791,2026-03-23T15:29:51Z,FGSRR,"43.564499,1.522309",1100,75,257
1774279793,2026-03-23T15:29:53Z,FGSRR,"43.564362,1.521351",1100,75,259
1774279795,2026-03-23T15:29:55Z,FGSRR,"43.564281,1.520299",1100,74,263
1774279797,2026-03-23T15:29:57Z,FGSRR,"43.564224,1.519115",1100,74,267
1774279799,2026-03-23T15:29:59Z,FGSRR,"43.564224,1.518157",1000,74,273
1774279802,2026-03-23T15:30:02Z,FGSRR,"43.564281,1.51729",1000,72,278
1774279804,2026-03-23T15:30:04Z,FGSRR,"43.564423,1.516244",1000,72,285
1774279806,2026-03-23T15:30:06Z,FGSRR,"43.564701,1.515198",1000,71,289
1774279808,2026-03-23T15:30:08Z,FGSRR,"43.564865,1.51458",1000,72,297
1774279810,2026-03-23T15:30:10Z,FGSRR,"43.565308,1.513563",1000,72,303
1774279812,2026-03-23T15:30:12Z,FGSRR,"43.565773,1.512843",900,75,311
1774279815,2026-03-23T15:30:15Z,FGSRR,"43.56633,1.512153",900,76,321
1774279817,2026-03-23T15:30:17Z,FGSRR,"43.566982,1.511536",900,77,329
1774279819,2026-03-23T15:30:19Z,FGSRR,"43.567841,1.510939",900,77,334
1774279821,2026-03-23T15:30:21Z,FGSRR,"43.568565,1.510489",800,77,335
1774279823,2026-03-23T15:30:23Z,FGSRR,"43.568985,1.510237",800,75,335
1774279826,2026-03-23T15:30:26Z,FGSRR,"43.569763,1.50979",800,75,335
1774279828,2026-03-23T15:30:28Z,FGSRR,"43.570614,1.509247",800,74,336
1774279830,2026-03-23T15:30:30Z,FGSRR,"43.57122,1.508855",700,73,335
1774279833,2026-03-23T15:30:33Z,FGSRR,"43.572052,1.508385",700,71,335
1774279835,2026-03-23T15:30:35Z,FGSRR,"43.5728,1.507874",700,70,335
1774279838,2026-03-23T15:30:38Z,FGSRR,"43.573406,1.507547",700,68,336
1774279840,2026-03-23T15:30:40Z,FGSRR,"43.574158,1.507107",600,66,338
1774279844,2026-03-23T15:30:44Z,FGSRR,"43.575211,1.506532",600,66,338
1774279846,2026-03-23T15:30:46Z,FGSRR,"43.57608,1.505957",600,65,334
1774279849,2026-03-23T15:30:49Z,FGSRR,"43.576805,1.505519",600,65,334
1774279851,2026-03-23T15:30:51Z,FGSRR,"43.577087,1.505382",500,65,335
1774279863,2026-03-23T15:31:03Z,FGSRR,"43.580475,1.503211",400,63,335
1774279869,2026-03-23T15:31:09Z,FGSRR,"43.582157,1.502119",400,63,335
1774279882,2026-03-23T15:31:22Z,FGSRR,"43.585419,1.500026",400,53,334
1774279896,2026-03-23T15:31:36Z,FGSRR,"43.588863,1.497868",400,49,333
1774279901,2026-03-23T15:31:41Z,FGSRR,"43.590446,1.496953",500,72,336
1774279907,2026-03-23T15:31:47Z,FGSRR,"43.592194,1.495929",600,69,337
1774279912,2026-03-23T15:31:52Z,FGSRR,"43.593563,1.495187",600,69,338
1774279914,2026-03-23T15:31:54Z,FGSRR,"43.594307,1.494795",700,70,340
1774279917,2026-03-23T15:31:57Z,FGSRR,"43.595055,1.494402",700,72,339
1774279919,2026-03-23T15:31:59Z,FGSRR,"43.595566,1.494141",700,73,340
1774279921,2026-03-23T15:32:01Z,FGSRR,"43.596405,1.493757",700,73,340
1774279923,2026-03-23T15:32:03Z,FGSRR,"43.597137,1.493374",800,75,338
1774279925,2026-03-23T15:32:05Z,FGSRR,"43.597824,1.492991",800,75,338
1774279928,2026-03-23T15:32:08Z,FGSRR,"43.598637,1.492571",800,74,337
1774279930,2026-03-23T15:32:10Z,FGSRR,"43.599289,1.492244",900,73,339
1774279932,2026-03-23T15:32:12Z,FGSRR,"43.599895,1.491917",900,71,340
1774279934,2026-03-23T15:32:14Z,FGSRR,"43.600708,1.491522",900,70,340
1774279936,2026-03-23T15:32:16Z,FGSRR,"43.601303,1.491202",1000,70,340
1774279939,2026-03-23T15:32:19Z,FGSRR,"43.601944,1.490883",1000,71,338
1774279941,2026-03-23T15:32:21Z,FGSRR,"43.602676,1.4905",1000,73,340
1774279943,2026-03-23T15:32:23Z,FGSRR,"43.603386,1.490152",1000,74,341
1774279945,2026-03-23T15:32:25Z,FGSRR,"43.604095,1.489797",1100,73,340
1774279948,2026-03-23T15:32:28Z,FGSRR,"43.604923,1.489432",1100,73,341
1774279950,2026-03-23T15:32:30Z,FGSRR,"43.605576,1.489171",1100,72,344
1774279952,2026-03-23T15:32:32Z,FGSRR,"43.606293,1.488839",1200,72,344
1774279954,2026-03-23T15:32:34Z,FGSRR,"43.606979,1.488647",1200,73,344
1774279956,2026-03-23T15:32:36Z,FGSRR,"43.607758,1.488328",1200,74,345
1774279958,2026-03-23T15:32:38Z,FGSRR,"43.608368,1.488124",1300,75,344
1774279961,2026-03-23T15:32:41Z,FGSRR,"43.609085,1.487817",1300,75,344
1774279963,2026-03-23T15:32:43Z,FGSRR,"43.609909,1.487498",1300,76,344
1774279965,2026-03-23T15:32:45Z,FGSRR,"43.610596,1.487242",1400,77,345
1774279967,2026-03-23T15:32:47Z,FGSRR,"43.611534,1.486882",1400,80,344
1774279969,2026-03-23T15:32:49Z,FGSRR,"43.612152,1.486667",1500,81,344
1774279971,2026-03-23T15:32:51Z,FGSRR,"43.613022,1.486284",1500,81,342
1774279974,2026-03-23T15:32:54Z,FGSRR,"43.61372,1.486032",1500,83,342
1774279976,2026-03-23T15:32:56Z,FGSRR,"43.614468,1.485705",1600,85,347
1774279978,2026-03-23T15:32:58Z,FGSRR,"43.615398,1.485443",1700,86,348
1774279980,2026-03-23T15:33:00Z,FGSRR,"43.616272,1.485262",1700,88,354
1774279982,2026-03-23T15:33:02Z,FGSRR,"43.617096,1.485262",1700,90,1
1774279984,2026-03-23T15:33:04Z,FGSRR,"43.61805,1.485378",1800,91,6
1774279986,2026-03-23T15:33:06Z,FGSRR,"43.618889,1.485574",1800,93,12
1774279988,2026-03-23T15:33:08Z,FGSRR,"43.619911,1.485966",1800,95,18
1774279991,2026-03-23T15:33:11Z,FGSRR,"43.620667,1.486348",1800,97,24
1774279993,2026-03-23T15:33:13Z,FGSRR,"43.621445,1.486923",1800,99,30
1774279995,2026-03-23T15:33:15Z,FGSRR,"43.622406,1.487817",1800,100,36
1774279997,2026-03-23T15:33:17Z,FGSRR,"43.62323,1.488775",1900,99,42
1774279999,2026-03-23T15:33:19Z,FGSRR,"43.623917,1.489669",1900,99,47
1774280002,2026-03-23T15:33:22Z,FGSRR,"43.624649,1.490819",1900,103,51
1774280004,2026-03-23T15:33:24Z,FGSRR,"43.625381,1.492097",1900,106,53
1774280006,2026-03-23T15:33:26Z,FGSRR,"43.625931,1.493246",1900,107,57
1774280008,2026-03-23T15:33:28Z,FGSRR,"43.626389,1.49446",1900,106,61
1774280010,2026-03-23T15:33:30Z,FGSRR,"43.626896,1.495775",1900,106,66
1774280012,2026-03-23T15:33:32Z,FGSRR,"43.627304,1.497143",1900,106,70
1774280015,2026-03-23T15:33:35Z,FGSRR,"43.627594,1.498326",1900,107,72
1774280017,2026-03-23T15:33:37Z,FGSRR,"43.627899,1.499762",1900,109,76
1774280019,2026-03-23T15:33:39Z,FGSRR,"43.628174,1.501422",1900,109,77
1774280021,2026-03-23T15:33:41Z,FGSRR,"43.628384,1.502904",1900,109,77
1774280023,2026-03-23T15:33:43Z,FGSRR,"43.628616,1.504277",1900,110,78
1774280025,2026-03-23T15:33:45Z,FGSRR,"43.628815,1.50583",1900,111,79
1774280027,2026-03-23T15:33:47Z,FGSRR,"43.628998,1.507235",1900,113,80
1774280029,2026-03-23T15:33:49Z,FGSRR,"43.629131,1.508528",1900,113,81
1774280031,2026-03-23T15:33:51Z,FGSRR,"43.629269,1.509966",1900,112,83
1774280033,2026-03-23T15:33:53Z,FGSRR,"43.629364,1.511834",1900,113,87
1774280036,2026-03-23T15:33:56Z,FGSRR,"43.629364,1.513239",1900,113,91
1774280038,2026-03-23T15:33:58Z,FGSRR,"43.629318,1.514708",1900,114,95
1774280040,2026-03-23T15:34:00Z,FGSRR,"43.629177,1.516571",1900,115,97
1774280042,2026-03-23T15:34:02Z,FGSRR,"43.628944,1.51801",1900,115,102
1774280044,2026-03-23T15:34:04Z,FGSRR,"43.628712,1.519187",1900,116,109
1774280047,2026-03-23T15:34:07Z,FGSRR,"43.628201,1.521083",1900,116,112
1774280049,2026-03-23T15:34:09Z,FGSRR,"43.627716,1.522628",1900,117,115
1774280051,2026-03-23T15:34:11Z,FGSRR,"43.627083,1.524353",1900,117,117
1774280053,2026-03-23T15:34:13Z,FGSRR,"43.626568,1.525661",1900,117,120
1774280055,2026-03-23T15:34:15Z,FGSRR,"43.626022,1.52678",1900,117,122
1774280058,2026-03-23T15:34:18Z,FGSRR,"43.62529,1.528249",1900,118,126
1774280060,2026-03-23T15:34:20Z,FGSRR,"43.624519,1.529585",1900,118,129
1774280062,2026-03-23T15:34:22Z,FGSRR,"43.623775,1.530696",1900,117,135
1774280064,2026-03-23T15:34:24Z,FGSRR,"43.622986,1.531743",1900,116,138
1774280066,2026-03-23T15:34:26Z,FGSRR,"43.622334,1.532527",1900,117,140
1774280068,2026-03-23T15:34:28Z,FGSRR,"43.62117,1.533835",1900,116,141
1774280071,2026-03-23T15:34:31Z,FGSRR,"43.620071,1.53502",1900,115,143
1774280073,2026-03-23T15:34:33Z,FGSRR,"43.619308,1.535732",1900,112,144
1774280075,2026-03-23T15:34:35Z,FGSRR,"43.618423,1.536516",1900,109,146
1774280077,2026-03-23T15:34:37Z,FGSRR,"43.617397,1.537432",1900,107,149
1774280080,2026-03-23T15:34:40Z,FGSRR,"43.616318,1.538341",1900,105,149
1774280082,2026-03-23T15:34:42Z,FGSRR,"43.615494,1.53898",1900,104,149
1774280084,2026-03-23T15:34:44Z,FGSRR,"43.614487,1.539811",1900,102,148
1774280086,2026-03-23T15:34:46Z,FGSRR,"43.613663,1.540449",1900,100,148
1774280088,2026-03-23T15:34:48Z,FGSRR,"43.612652,1.54129",1900,98,150
1774280091,2026-03-23T15:34:51Z,FGSRR,"43.611858,1.541944",1900,96,150
1774280093,2026-03-23T15:34:53Z,FGSRR,"43.611008,1.542557",1900,93,152
1774280095,2026-03-23T15:34:55Z,FGSRR,"43.610229,1.543132",1900,93,153
1774280097,2026-03-23T15:34:57Z,FGSRR,"43.609253,1.543841",1900,93,151
1774280100,2026-03-23T15:35:00Z,FGSRR,"43.608459,1.544364",1900,92,150
1774280102,2026-03-23T15:35:02Z,FGSRR,"43.607666,1.545048",1900,93,149
1774280104,2026-03-23T15:35:04Z,FGSRR,"43.606796,1.545815",1900,94,147
1774280106,2026-03-23T15:35:06Z,FGSRR,"43.606064,1.546453",1900,94,144
1774280108,2026-03-23T15:35:08Z,FGSRR,"43.605293,1.547241",1900,92,145
1774280110,2026-03-23T15:35:10Z,FGSRR,"43.604595,1.547895",1900,91,144
1774280112,2026-03-23T15:35:12Z,FGSRR,"43.603958,1.548497",1900,91,145
1774280115,2026-03-23T15:35:15Z,FGSRR,"43.603062,1.549399",1900,91,145
1774280117,2026-03-23T15:35:17Z,FGSRR,"43.602364,1.550053",1900,91,144
1774280119,2026-03-23T15:35:19Z,FGSRR,"43.601524,1.550838",1800,92,145
1774280121,2026-03-23T15:35:21Z,FGSRR,"43.601028,1.551308",1800,91,146
1774280123,2026-03-23T15:35:23Z,FGSRR,"43.600067,1.552266",1900,90,145
1774280125,2026-03-23T15:35:25Z,FGSRR,"43.599243,1.552969",1900,89,146
1774280127,2026-03-23T15:35:27Z,FGSRR,"43.598778,1.553454",1900,88,145
1774280130,2026-03-23T15:35:30Z,FGSRR,"43.59787,1.554246",1900,87,146
1774280132,2026-03-23T15:35:32Z,FGSRR,"43.597382,1.554696",1900,87,146
1774280134,2026-03-23T15:35:34Z,FGSRR,"43.596359,1.555587",1900,87,146
1774280136,2026-03-23T15:35:36Z,FGSRR,"43.595718,1.556226",1900,88,145
1774280138,2026-03-23T15:35:38Z,FGSRR,"43.594913,1.55692",1900,89,147
1774280140,2026-03-23T15:35:40Z,FGSRR,"43.594162,1.557631",1900,89,148
1774280143,2026-03-23T15:35:43Z,FGSRR,"43.593338,1.558334",1900,89,149
1774280145,2026-03-23T15:35:45Z,FGSRR,"43.592743,1.558781",1900,90,150
1774280147,2026-03-23T15:35:47Z,FGSRR,"43.591873,1.559484",1900,90,150
1774280149,2026-03-23T15:35:49Z,FGSRR,"43.590866,1.56025",1900,90,151
1774280152,2026-03-23T15:35:52Z,FGSRR,"43.590027,1.560843",1900,91,153
1774280154,2026-03-23T15:35:54Z,FGSRR,"43.589233,1.561301",1900,90,155
1774280156,2026-03-23T15:35:56Z,FGSRR,"43.588394,1.561783",1900,92,159
1774280158,2026-03-23T15:35:58Z,FGSRR,"43.587753,1.562103",1900,92,159
1774280160,2026-03-23T15:36:00Z,FGSRR,"43.586929,1.56255",1900,92,159
1774280162,2026-03-23T15:36:02Z,FGSRR,"43.58593,1.563001",1900,91,162
1774280165,2026-03-23T15:36:05Z,FGSRR,"43.584824,1.563444",1900,91,167
1774280167,2026-03-23T15:36:07Z,FGSRR,"43.583862,1.563572",1900,89,176
1774280169,2026-03-23T15:36:09Z,FGSRR,"43.583038,1.563572",1800,89,181
1774280171,2026-03-23T15:36:11Z,FGSRR,"43.582214,1.563444",1800,89,187
1774280173,2026-03-23T15:36:13Z,FGSRR,"43.58139,1.563252",1800,88,195
1774280176,2026-03-23T15:36:16Z,FGSRR,"43.580437,1.562674",1800,87,205
1774280178,2026-03-23T15:36:18Z,FGSRR,"43.579739,1.562086",1700,84,213
1774280180,2026-03-23T15:36:20Z,FGSRR,"43.579193,1.561528",1700,83,221
1774280182,2026-03-23T15:36:22Z,FGSRR,"43.578506,1.560633",1700,83,225
1774280185,2026-03-23T15:36:25Z,FGSRR,"43.577911,1.559675",1700,83,227
1774280187,2026-03-23T15:36:27Z,FGSRR,"43.577271,1.558717",1600,84,230
1774280189,2026-03-23T15:36:29Z,FGSRR,"43.576664,1.557639",1600,83,231
1774280191,2026-03-23T15:36:31Z,FGSRR,"43.576309,1.557057",1600,82,231
1774280193,2026-03-23T15:36:33Z,FGSRR,"43.575668,1.555907",1600,81,232
1774280195,2026-03-23T15:36:35Z,FGSRR,"43.575268,1.555154",1600,81,233
1774280198,2026-03-23T15:36:38Z,FGSRR,"43.57489,1.554374",1600,81,234
1774280200,2026-03-23T15:36:40Z,FGSRR,"43.574291,1.553258",1500,82,235
1774280202,2026-03-23T15:36:42Z,FGSRR,"43.573872,1.552407",1500,82,236
1774280204,2026-03-23T15:36:44Z,FGSRR,"43.573452,1.551492",1500,82,235
1774280206,2026-03-23T15:36:46Z,FGSRR,"43.572849,1.550315",1500,82,236
1774280209,2026-03-23T15:36:49Z,FGSRR,"43.572464,1.549519",1500,82,236
1774280211,2026-03-23T15:36:51Z,FGSRR,"43.57201,1.548549",1500,84,237
1774280213,2026-03-23T15:36:53Z,FGSRR,"43.571545,1.547437",1500,85,238
1774280215,2026-03-23T15:36:55Z,FGSRR,"43.571125,1.546456",1400,86,239
1774280217,2026-03-23T15:36:57Z,FGSRR,"43.570801,1.545737",1400,85,240
1774280219,2026-03-23T15:36:59Z,FGSRR,"43.570312,1.544473",1400,88,242
1774280221,2026-03-23T15:37:01Z,FGSRR,"43.569901,1.543451",1400,88,243
1774280223,2026-03-23T15:37:03Z,FGSRR,"43.569534,1.542429",1400,87,242
1774280226,2026-03-23T15:37:06Z,FGSRR,"43.569031,1.54116",1400,87,242
1774280228,2026-03-23T15:37:08Z,FGSRR,"43.568707,1.540179",1400,87,242
1774280230,2026-03-23T15:37:10Z,FGSRR,"43.568344,1.539299",1300,87,242
1774280232,2026-03-23T15:37:12Z,FGSRR,"43.567867,1.537955",1300,87,242
1774280234,2026-03-23T15:37:14Z,FGSRR,"43.567493,1.536974",1300,86,241
1774280236,2026-03-23T15:37:16Z,FGSRR,"43.567028,1.535863",1300,85,240
1774280239,2026-03-23T15:37:19Z,FGSRR,"43.566658,1.534882",1200,85,241
1774280241,2026-03-23T15:37:21Z,FGSRR,"43.566238,1.53377",1200,83,240
1774280243,2026-03-23T15:37:23Z,FGSRR,"43.565865,1.532854",1200,80,240
1774280245,2026-03-23T15:37:25Z,FGSRR,"43.56546,1.53189",1200,78,240
1774280247,2026-03-23T15:37:27Z,FGSRR,"43.565075,1.530892",1200,78,242
1774280250,2026-03-23T15:37:30Z,FGSRR,"43.564682,1.529718",1100,79,246
1774280252,2026-03-23T15:37:32Z,FGSRR,"43.564407,1.52876",1100,79,250
1774280254,2026-03-23T15:37:34Z,FGSRR,"43.564178,1.527802",1100,80,252
1774280256,2026-03-23T15:37:36Z,FGSRR,"43.563904,1.526589",1100,80,252
1774280259,2026-03-23T15:37:39Z,FGSRR,"43.563675,1.52563",1100,80,252
1774280261,2026-03-23T15:37:41Z,FGSRR,"43.563396,1.524353",1100,79,253
1774280263,2026-03-23T15:37:43Z,FGSRR,"43.563213,1.523372",1000,78,256
1774280265,2026-03-23T15:37:45Z,FGSRR,"43.563072,1.522391",1000,76,261
1774280267,2026-03-23T15:37:47Z,FGSRR,"43.562988,1.521159",1000,76,261
1774280270,2026-03-23T15:37:50Z,FGSRR,"43.562988,1.520201",1000,74,273
1774280272,2026-03-23T15:37:52Z,FGSRR,"43.563034,1.519435",1000,73,277
1774280274,2026-03-23T15:37:54Z,FGSRR,"43.563171,1.518157",1000,72,281
1774280276,2026-03-23T15:37:56Z,FGSRR,"43.563354,1.517327",900,72,290
1774280278,2026-03-23T15:37:58Z,FGSRR,"43.563675,1.516305",900,72,297
1774280281,2026-03-23T15:38:01Z,FGSRR,"43.564133,1.515347",900,72,303
1774280283,2026-03-23T15:38:03Z,FGSRR,"43.564468,1.514675",900,73,306
1774280285,2026-03-23T15:38:05Z,FGSRR,"43.564957,1.513878",800,72,313
1774280287,2026-03-23T15:38:07Z,FGSRR,"43.565495,1.513236",800,70,317
1774280289,2026-03-23T15:38:09Z,FGSRR,"43.566006,1.512647",800,69,321
1774280291,2026-03-23T15:38:11Z,FGSRR,"43.566559,1.512089",800,68,326
1774280293,2026-03-23T15:38:13Z,FGSRR,"43.567169,1.511601",800,66,330
1774280296,2026-03-23T15:38:16Z,FGSRR,"43.567822,1.511078",700,66,333
1774280298,2026-03-23T15:38:18Z,FGSRR,"43.568474,1.51062",700,66,334
1774280300,2026-03-23T15:38:20Z,FGSRR,"43.569031,1.510293",700,66,334
1774280302,2026-03-23T15:38:22Z,FGSRR,"43.569588,1.509966",700,66,336
1774280305,2026-03-23T15:38:25Z,FGSRR,"43.57024,1.509508",700,65,335
1774280307,2026-03-23T15:38:27Z,FGSRR,"43.570862,1.509151",700,64,336
1774280310,2026-03-23T15:38:30Z,FGSRR,"43.571823,1.508576",600,62,335
1774280313,2026-03-23T15:38:33Z,FGSRR,"43.572327,1.508193",700,62,334
1774280315,2026-03-23T15:38:35Z,FGSRR,"43.573128,1.507677",600,62,334
1774280317,2026-03-23T15:38:37Z,FGSRR,"43.573639,1.50735",600,61,333
1774280320,2026-03-23T15:38:40Z,FGSRR,"43.574203,1.506979",600,61,335
1774280327,2026-03-23T15:38:47Z,FGSRR,"43.576172,1.505766",500,61,335
1774280336,2026-03-23T15:38:56Z,FGSRR,"43.578667,1.504342",500,66,336
1774280352,2026-03-23T15:39:12Z,FGSRR,"43.583038,1.50155",400,63,336
1774280362,2026-03-23T15:39:22Z,FGSRR,"43.585278,1.500157",400,49,334
1774280368,2026-03-23T15:39:28Z,FGSRR,"43.586487,1.499438",400,42,334
1774280404,2026-03-23T15:40:04Z,FGSRR,"43.588108,1.499219",0,4,352
1774280430,2026-03-23T15:40:30Z,FGSRR,"43.588093,1.500075",0,5,352
1774280441,2026-03-23T15:40:41Z,FGSRR,"43.587948,1.50032",0,4,352
